build,HE3-V3-V1-ANALYTIC-20260819-R3
status,1
iterations,7
active_count,7
rank,7
condition,2824.67484078899
mae_before_mm,89.8375133076365
mae_after_mm,3.75094851592724
max_before_mm,138.2145993777
max_after_mm,19.8233521186433
result_slot,value_before_gui_unit_conversion
0,0
1,0
2,6e-07
3,-0.0722572023167409
4,0.333302556939515
5,-0.00442586401024683
6,-0
7,-2.0637850217214
8,-10.9101010359751
9,-2.17452085993669
10,-30.3966362253443
11,-0
point,rope_raw_mm,rope_with_fixed_offset_mm,q1_rad,q2_rad,q3_rad,q4_rad,q5_rad,q6_rad,q7_rad,residual_before_mm,residual_after_mm
1,849.526216,912.026216,0,0,0,-1.5707963,0,-1.74532922222222e-05,0,11.4519413060024,6.02307392464452
2,796.753703,859.253703,-0.211167382596667,-0.0486248721311111,0.0884532849822222,-1.48071985884111,-0.309097805255556,-0.0693244767066667,-0.0878249664622222,3.65921782869927,-3.46753946389911
3,942.142205,1004.642205,-0.0839677888811111,0.159610357372222,0.134756869247778,-1.75758143336222,-0.684064335357778,-0.0509985198733333,0.282498987908889,38.2462272297365,7.57509388083855
4,1038.404576,1100.904576,-0.00417133684111111,0.402979064118889,0.101543254148889,-1.91370113229,-0.849940424637778,-0.130480812653333,0.485794935713333,25.9141723665415,2.66144016719183
5,962.929038,1025.429038,-0.19132298934,0.317876811243333,0.121946152756667,-1.73037175078778,-0.474048870047778,-0.185615762783333,0.773599724457778,2.39822720885496,-5.59262261946714
6,941.89303,1004.39303,-0.290876568175556,0.253247270144444,0.217590194134444,-1.70005538219778,-0.396695878918889,-0.0411897696444444,1.20494038843778,3.99517747261591,-6.29307645505461
7,969.502351,1032.002351,-0.200730313847778,0.265866000421111,0.188547915876667,-1.80990640344444,-0.256720475296667,0.0278205478022222,0.782116931062222,20.4295240335679,-0.60052267753119
8,890.138275,952.638275,-0.123743841855556,0.101578160733333,0.121928699464444,-1.62961389478889,-0.426069769728889,0.114860116114444,1.20528945428222,22.0740809796705,1.02264421067821
9,921.383449,983.883449,0.00804596771444444,0.172700326538889,-0.0494451768655556,-1.85160231856333,-0.258343631473333,0.131353477264444,0.837897653004445,22.1230258056005,-0.00570753205564323
10,886.021619,948.521619,0.11702432435,-0.00422369671777778,-0.00905825866333333,-1.63263331434333,-0.0704589407011111,0.145996789438889,0.498518385743333,30.3430271389039,11.9530358317318
11,729.648347,792.148347,0.229912218443333,-0.266965557831111,-0.286809951087778,-1.01168008366111,-0.0704589407011111,-0.196750963221111,0.923279158555556,-3.68641326394126,12.1315303838389
12,676.893381,739.393381,0.10335839654,-0.505429889463333,-0.286809951087778,-1.04512059155889,-0.445198578004444,-0.00509636132888889,1.42272256878667,2.07731720952808,-4.51550652051647
13,726.338878,788.838878,0.10335839654,-0.251973179812222,-0.223716299704444,-1.30557607139111,-0.0478918338577778,0.0924849954855556,1.06438902617222,-12.6770229572508,-6.34019010127451
14,841.201656,903.701656,0.170658291348889,0.07037167424,-0.223751206288889,-1.59392191219444,-0.46212827146,0.172141821187778,1.45288185774667,12.4642713083212,-1.46177642716616
15,868.000281,930.500281,0.453820504362222,0.158039561072222,-0.461290513433333,-1.72072008018889,-0.171618222421111,0.0621860801877778,0.395735947846667,14.1289895661224,3.15549393375825
16,850.659788,913.159788,0.628074173908889,0.158039561072222,-0.65439373858,-1.74208290986889,-0.229877311858889,0.134285630357778,-0.108978356635556,12.3224042174889,1.6035625832761
17,824.513933,887.013933,-0.284261770423333,0.158039561072222,-0.15330971888,-1.40413481257,0.853308910036667,-0.406312642933333,-0.108960903343333,-52.2504917389806,-3.0794103335321
18,705.724012,768.224012,-0.445722176771111,-0.117879535668889,-0.153274812295556,-1.08648489412556,1.31824716154444,-0.771592595852222,-1.05899595887556,-46.0991619559278,6.34124301946393
19,660.030182,722.530182,-0.51553534566,-0.382506352342222,0.214762760794444,-1.08650234741778,1.31826461483667,-0.582939960222222,-1.25408885933556,-93.1035290260211,19.8233521186433
20,764.287218,826.787218,-0.350462107822222,-0.107477373504444,0.189298407442222,-1.40413481257,1.53438873242444,-0.0903556938344444,-1.45303893737667,-129.855354720857,-0.942822466126314
21,741.629817,804.129817,-0.558173738558889,-0.182631249813333,0.301191463878889,-1.44157212438667,1.47571076397333,-0.116919604596667,-1.51567880316222,-135.699895686115,-1.10892360218007
22,725.068435,787.568435,-0.743283355867778,-0.240419100361111,0.371091899228889,-1.42612596077,1.36540595712889,-0.228603221526667,-1.60566797786,-126.141364578687,0.885056484135394
23,696.437847,758.937847,-0.859435015606667,-0.349118204321111,0.4932300382,-1.34004632353,1.42387448607333,-0.275639844065556,-1.63237151496,-128.262934292781,-2.88228234523114
24,694.798905,757.298905,-0.892700990582222,-0.452040268555556,0.680573676913333,-1.31620512635444,1.36284032317222,-0.251711380428889,-1.75655168912111,-131.494605490478,3.07108508252585
25,663.84502,726.34502,-0.943158458396667,-0.570181603607778,0.690818759447778,-1.21207878495667,1.35352026512556,-0.215181639807778,-1.80554308038889,-130.450825433594,-9.19938885865723
26,676.626658,739.126658,-0.980665583382222,-0.404759299925556,0.690818759447778,-1.23712425929556,1.31877076031111,-0.271084534795556,-1.84195064796444,-118.074438608834,-8.19182926117012
27,695.739454,758.239454,-1.01340795959111,-0.312605916992222,0.69083621274,-1.26559057891,1.25853944885222,-0.257278980647778,-1.88588058448778,-109.147866089884,-7.12463069005231
28,742.995016,805.495016,-1.04724989321,-0.189263500857778,0.69083621274,-1.38980565965556,1.34962818096,-0.311314373367778,-1.95791032148889,-111.045269404455,-0.971254852239034
29,767.329964,829.829964,-1.10786517709778,-0.107808986056667,0.662492066171111,-1.44736661740444,1.30723413415222,-0.366257337283333,-2.01493022717889,-106.253336012525,1.02988393409187
30,783.607075,846.107075,-1.17038286983778,-0.0515395719322222,0.66680302935,-1.47707212076667,1.22811836050889,-0.383239390615556,-2.07020480364667,-102.108236020272,2.36649991729454
31,806.896189,869.396189,-1.19281035034333,-0.0656243787555555,0.959337660286667,-1.47707212076667,1.22811836050889,-0.0900938944511111,-2.00740785823111,-107.53949005805,-2.83609926024997
32,801.519618,864.019618,-1.24190646136444,-0.0866032360066667,0.965673205363333,-1.50215250169,1.22813581380111,-0.124354707083333,-1.95342482538778,-111.080355974341,-0.989702378576429
33,864.904892,927.404892,-1.15137623460778,0.0419053546255556,0.965690658655555,-1.56751508106222,1.32287228398333,-0.0917694105044444,-1.88300079127111,-109.672345141298,1.24462735822173
34,883.649189,946.149189,-1.11545735921444,0.0553618429288889,0.983964255612222,-1.57926114672778,1.46146887752,-0.0709650861755556,-1.79686879415444,-117.94727241757,3.23199147496989
35,910.819822,973.319822,-1.00153972088,0.0715934046955556,0.988746457681111,-1.57922624014333,1.47829385122222,0.0941081516622222,-1.74372351933778,-121.18932344446,-0.912429330075293
36,877.096933,939.596933,-0.957906490324444,-0.0276111082955556,0.975831021436667,-1.57674787264778,1.41577615848222,0.175265960495556,-1.68310823545,-128.697575493802,-1.99049177611166
37,885.249526,947.749526,-0.840969432435556,-0.0493404571122222,0.950157228577778,-1.56220928022667,1.37301559253778,0.243141813947778,-1.62046836966444,-125.699922698636,-1.43467464331026
38,869.537446,932.037446,-0.818000899871111,-0.0911410919844445,0.934553985331111,-1.56217437364222,1.35702837686222,0.28792696179,-1.55950401993222,-130.903133885772,-2.17024025350643
39,848.63831,911.13831,-0.78822558334,-0.149138382038889,0.934553985331111,-1.53028720875222,1.27292096164333,0.314054540246667,-1.43923338322889,-128.492377814727,-2.68169882947067
40,826.805643,889.305643,-0.726598008503333,-0.185127070601111,0.886138552706667,-1.47930614217111,1.26302494495333,0.336202768076667,-1.35037867252556,-130.612042447003,-3.65325778511505
41,818.326665,880.826665,-0.63507294409,-0.239162463321111,0.845507288413333,-1.46010752072667,1.18197185587333,0.336185314784444,-1.28639490323889,-126.698267249919,0.188312156077841
42,810.661894,873.161894,-0.59391808103,-0.270264230061111,0.824807683837778,-1.44448682418778,1.06712919305111,0.329814863123333,-1.21584869607667,-117.135058597689,1.11782761125967
43,809.300204,871.800204,-0.549045666726667,-0.288572733602222,0.807022779063333,-1.44967045197778,1.00345958302444,0.402246025845556,-1.13439418127556,-116.488634034938,-2.05162158327832
44,794.851548,857.351548,-0.523371873867778,-0.320547164953333,0.772761966431111,-1.43738333425333,0.994837656666667,0.425441451208889,-1.07423268298556,-122.120126577658,-3.38324445841331
45,800.561522,863.061522,-0.457747495112222,-0.344405815421111,0.738832766351111,-1.44528967563,0.967540707631111,0.458655066307778,-1.02895884296111,-122.528682212061,-2.1113478207454
46,798.315435,860.815435,-0.416208659623333,-0.368089932966667,0.722496484831111,-1.43078598979333,0.922703199912222,0.48569021596,-0.952897395456667,-121.112594592017,-2.73308054904353
47,788.776585,851.276585,-0.350427201237778,-0.450556738716667,0.702180852684444,-1.39195241459889,0.874497206794444,0.532726838498889,-0.842819481411111,-126.43571681959,-1.25888016032893
48,778.370885,840.870885,-0.289794464057778,-0.509164893998889,0.668077119682222,-1.34428747354,0.83424991493,0.591020834521111,-0.759410197881111,-132.409704946689,-3.63779587151347
49,773.303152,835.803152,-0.17451546893,-0.59973002734,0.495621139234444,-1.31194652305222,0.766758033906667,0.650955440012222,-0.62627648481,-138.2145993777,-10.7074533952719
50,884.315996,946.815996,0.0698480754733333,-0.658704701758889,0.365489392425556,-1.38345266128667,0.674133412083333,0.738989845981111,-0.266110346512222,-109.377523751165,-0.445556745087505
51,788.106268,850.606268,-0.719302532354444,-0.316881973586667,0.766426421354444,-1.54021813202667,1.09302987870889,0.256022343607778,-1.37219528780333,-129.64808408618,3.88446781133522
52,784.00365,846.50365,-0.681114728972222,-0.351910731076667,0.748536796826667,-1.52627295154111,0.979304226588889,0.231587734496667,-1.29187523699667,-119.130610371396,6.54699583127538
53,785.523268,848.023268,-0.641164143075555,-0.369695635851111,0.732357594936667,-1.54466872154333,0.913924193924444,0.323060439033333,-1.22639048457889,-119.649361527587,1.96217766936069
54,769.986664,832.486664,-0.61748002553,-0.406975868037778,0.682650618687778,-1.52028647230889,0.914220899892222,0.335033397497778,-1.16031232022556,-124.681414386118,1.31338490112554
55,778.704289,841.204289,-0.548975853557778,-0.446141055784444,0.660153325013333,-1.52269502663556,0.886976310733333,0.368543718564444,-1.10348440075,-123.534673610319,4.25493839826674
56,777.504036,840.004036,-0.496109831416667,-0.455304034201111,0.626939709914444,-1.50609694573222,0.830427643933333,0.385752664695556,-1.03820908783889,-118.8446065614,2.57785490884477
57,783.07363,845.57363,-0.446123602492222,-0.524663417492222,0.621982974923333,-1.49361784179333,0.798680105381111,0.441358853715556,-0.930417555074444,-120.53338386709,4.64220180915642
58,781.403102,843.903102,-0.371563138118889,-0.605995759247778,0.592643990697778,-1.43652812293444,0.739722884254444,0.49040260486,-0.841964270092222,-121.695173515381,4.01633197880691
59,785.828595,848.328595,-0.270997268334444,-0.684413401202222,0.406748975238889,-1.40718913870889,0.674081052206667,0.562013462847778,-0.705968217096667,-120.569794453809,-4.48419540124612
60,890.829648,953.329648,-0.0186226628011111,-0.741485666768889,0.272568064634444,-1.47115545470333,0.583027226683333,0.670450767424444,-0.355383936228889,-89.6305995915697,1.17354912732304
