build,HE3-V3-CRAIG-MDH-ANALYTIC-LASER-POLICY-20260826-R7.1-PUBLIC-MDH-ROPE-BIAS
status,1
iterations,5
active_count,15
rank,15
condition,2635.92795624123
condition_gate_max,3000
augmented_nuisance_count,4
rope_bias_mm,3.06120075332063
measurement_model,L_measured=norm(P-lambda)+bL
rope_fixed_offset_nominal_mm,62.5
rope_fixed_offset_effective_mm,59.4387992466794
mae_before_bias_mm,2.6459938341667
geometry_mae_after_bias_mm,0.584315428022466
mae_before_mm,2.6459938341667
mae_after_mm,0.584315428022466
max_before_mm,6.58319739661051
max_after_mm,3.46369701205217
laser_reference_count,8
laser_reference_source,2.HE3_laser_calibration_dataset
laser_design_d_mm,0|49|493|-120|317|0|93
controller_mdh_alpha_deg,0|90|-90|90|-90|90|-90
legacy_sdh_alpha_deg,90|-90|90|-90|90|-90|0
input_model_source,公共MDH（./Config/RobotType/HE3_GY-cfg.txt）（R7.1固定公共输入）
laser_allowed_parameters,D2|D3|D4|D5|Alpha1|Alpha2|Alpha3|Alpha4|Alpha5|Alpha6|Alpha7|q2|q3|q4|q5|q6
rope_active_parameters,D2|D3|D4|D5|Alpha1|Alpha2|Alpha3|Alpha4|Alpha5|Alpha6|q2|q3|q4|q5|q6
structurally_held,Alpha7|q7|A1-A7|D1|D6|D7|q1|Beta1-Beta7
measurement_nuisance_parameters,anchor_x|anchor_y|anchor_z|bL
laser_population_d2_d5_max_span_mm,1.798
laser_population_alpha_q_max_span_deg,1.079407
terminal_structure_d7_mm,93
tool_offset_mm,49
terminal_effective_mm,142
q6_sensitivity_rms_mm_per_deg,1.09166537884241
alpha6_sensitivity_rms_mm_per_deg,1.08226218021516
q7_sensitivity_rms_mm_per_deg,0
q6_alpha6_column_cosine,-0.0994520357606938
q6_candidate_active,1
iteration,geometry_mae_after_bias_mm,max_mm,step_scale,rope_bias_mm,d1_mm,d2_mm,d3_mm,d4_mm,d5_mm,d6_mm,d7_mm,alpha1_deg,alpha2_deg,alpha3_deg,alpha4_deg,alpha5_deg,alpha6_deg,alpha7_deg,q0_1_deg,q0_2_deg,q0_3_deg,q0_4_deg,q0_5_deg,q0_6_deg,q0_7_deg
0,0.674814581471564,3.93720356244381,0,2.6459938341667,0,49,493,-120,317,0,142,0,90,-90,90,-90,90,-90,0,0,0,0,0,0,0
1,0.599846482052596,3.54091057128468,0.125,3.0347161148866,0,48.7096812099136,493.744364481889,-117.521428499926,318.029018520702,0,142,0,89.8448823357391,-89.7896513912878,89.5864304217178,-90.3637359401435,90.7314437366302,-90.80910105679,0,0.0869802900761639,0.0513512263347831,-0.0868415798308907,0.281878753621047,0.00562715222097706,0
2,0.591469478676537,3.4992912245642,0.015625,3.05057649560676,0,48.6777035124271,493.826881942447,-117.244858779599,318.147223588271,0,142,0,89.8279189331666,-89.766536009609,89.5410019924814,-90.4035357587398,90.8016185257293,-90.8878562258839,0,0.0965409523029329,0.0581560547892034,-0.095767612387774,0.312632749094624,0.00622461216685536,0
3,0.587367371494962,3.4788594448509,0.0078125,3.05700750786179,0,48.6619601678447,493.867541520045,-117.108528974241,318.205699821651,0,142,0,89.8195722483251,-89.7551569918239,89.51864056745,-90.4231135544593,90.8356590009828,-90.9261225222023,0,0.101247947957661,0.0615630171237583,-0.100130213299169,0.327754792014674,0.00651917571268922,0
4,0.585330404089541,3.46873593074315,0.00390625,3.05986204385611,0,48.6541491044699,493.887723239718,-117.040848762599,318.234782125337,0,142,0,89.8154321907786,-89.7495115699926,89.5075469049941,-90.4328228780423,90.8524245336375,-90.9449850623429,0,0.103583356235985,0.0632671812766524,-0.102286943132001,0.335252865552365,0.00666546997861794,0
5,0.584315428022466,3.46369701205217,0.001953125,3.06120075332063,0,48.6502586292338,493.897777297207,-117.007129307396,318.24928442012,0,142,0,89.8133704249142,-89.7466998084452,89.5020216932904,-90.437657766567,90.86074448299,-90.9543495633788,0,0.104746568339243,0.0641193795330096,-0.10335923098544,0.338986264954685,0.00673837654883537,0
result_slot,value_before_gui_unit_conversion
0,0
1,0
2,0
3,-0.117007129307396
4,0.31824928442012
5,0.142
6,-0
7,-0.104746568339243
8,-0.0641193795330096
9,0.10335923098544
10,-0.338986264954685
11,-0.00673837654883537
point,rope_raw_mm,rope_with_fixed_offset_mm,q1_rad,q2_rad,q3_rad,q4_rad,q5_rad,q6_rad,q7_rad,sample_std_mm,rope_bias_corrected_mm,residual_before_bias_mm,residual_after_geometry_mm
1,905.948621,968.448621,-1.74532922222222e-05,1.74532922222222e-05,1.74532922222222e-05,-1.57077884670778,3.49065844444444e-05,1.74532922222222e-05,1.74532922222222e-05,0,965.38742024668,2.23261058873203,-0.426923037148986
2,853.060293,915.560293,-0.211184835888889,-0.0486074188388889,0.08843583169,-1.48075476542556,-0.309080351963333,-0.0693942898755556,-0.0878249664622222,0,912.499092246679,2.39400762608266,-0.311837550964767
3,998.599705,1061.099705,-0.0839852421733333,0.159627810664444,0.134756869247778,-1.75759888665444,-0.684064335357778,-0.0510334264577778,0.282498987908889,0,1058.03850424668,2.67336000188001,0.0116821619897556
4,1095.869306,1158.369306,-0.00418879013333333,0.402979064118889,0.101525800856667,-1.91371858558222,-0.849940424637778,-0.130463359361111,0.485812389005556,0,1155.30810524668,2.00383868940768,-0.48907843755487
5,1020.909665,1083.409665,-0.19132298934,0.317911717827778,0.121928699464444,-1.73040665737222,-0.474031416755556,-0.185650669367778,0.773599724457778,0,1080.34846424668,1.71795953041154,-0.836574180025596
6,999.877167,1062.377167,-0.290876568175556,0.253247270144444,0.217607647426667,-1.70007283549,-0.396695878918889,-0.0412072229366667,1.20492293514556,0,1059.31596624668,2.27140985658147,-0.358603023600924
7,1026.865305,1089.365305,-0.200730313847778,0.265883453713333,0.188530462584444,-1.80992385673667,-0.256720475296667,0.0277856412177778,0.782116931062222,0,1086.30410424668,2.32259615468111,-0.304997837479405
8,947.929389,1010.429389,-0.12377874844,0.101578160733333,0.121928699464444,-1.62963134808111,-0.426069769728889,0.114790302945556,1.20530690757444,0,1007.36818824668,2.95510452391246,0.245867082481187
9,978.367376,1040.867376,0.00802851442222222,0.172700326538889,-0.0494626301577778,-1.85160231856333,-0.258343631473333,0.131283664095556,0.837897653004445,0,1037.80617524668,2.26255779746021,-0.390897259539459
10,942.977469,1005.477469,0.11702432435,-0.00420624342555556,-0.00907571195555556,-1.63265076763556,-0.0704763939933333,0.145944429562222,0.498535839035556,0,1002.41626824668,2.54921583543277,-0.0712192937921807
11,787.758826,850.258826,0.229877311858889,-0.266948104538889,-0.286792497795556,-1.01169753695333,-0.0704589407011111,-0.196785869805556,0.923296611847778,0,847.197625246679,2.4451322424478,-0.151659118483373
12,728.844669,791.344669,0.10335839654,-0.505394982878889,-0.28682740438,-1.04513804485111,-0.445198578004444,-0.00511381462111111,1.42272256878667,0,788.283468246679,3.25966979290171,0.43228147250539
13,782.529655,845.029655,0.10335839654,-0.251973179812222,-0.223751206288889,-1.30559352468333,-0.04790928715,0.0924500889011111,1.06440647946444,0,841.968454246679,2.3936699853061,-0.202855457654317
14,900.119323,962.619323,0.170658291348889,0.07037167424,-0.223751206288889,-1.59395681877889,-0.46212827146,0.17215927448,1.45289931103889,0,959.55812224668,2.57009400150365,0.0161560298250641
15,926.503825,989.003825,0.453820504362222,0.158074467656667,-0.461325420017778,-1.72073753348111,-0.171583315836667,0.0621686268955556,0.395735947846667,0,985.942624246679,1.0367790335184,-1.41029058581456
16,909.528322,972.028322,0.628039267324444,0.158074467656667,-0.654376285287778,-1.74206545657667,-0.229877311858889,0.134250723773333,-0.108960903343333,0,968.967121246679,0.985769738722109,-1.43239841922761
17,884.494981,946.994981,-0.284279223715556,0.158074467656667,-0.153327172172222,-1.40415226586222,0.853291456744444,-0.406382456102222,-0.108960903343333,0,943.93378024668,2.71413853803537,0.140302183666773
18,765.648909,828.148909,-0.445722176771111,-0.117862082376667,-0.15330971888,-1.08651980071,1.31824716154444,-0.77157514256,-1.05897850558333,0,825.087708246679,3.73975996853582,0.854707370632745
19,715.827894,778.327894,-0.515552798952222,-0.38248889905,0.21472785421,-1.08651980071,1.31824716154444,-0.582992320098889,-1.25408885933556,0,775.266693246679,5.67801287815373,2.66370932932313
20,821.032498,883.532498,-0.350479561114444,-0.107494826796667,0.189298407442222,-1.40411735927778,1.53440618571667,-0.0903906004188889,-1.45302148408444,0,880.471297246679,2.35551629509922,-0.287035788343671
21,796.813364,859.313364,-0.558208645143333,-0.182631249813333,0.301156557294444,-1.44158957767889,1.47569331068111,-0.116937057888889,-1.51566134987,0,856.252163246679,3.17040279425451,0.429253459010558
22,779.816804,842.316804,-0.743318262452222,-0.240419100361111,0.371074445936667,-1.42614341406222,1.36538850383667,-0.228655581403333,-1.60566797786,0,839.255603246679,3.58716412209648,0.719090404149291
23,751.038815,813.538815,-0.859452468898889,-0.349100751028889,0.493195131615556,-1.34008123011444,1.42387448607333,-0.275639844065556,-1.63235406166778,0,810.477614246679,3.66302483964676,0.789843752881146
24,748.410192,810.910192,-0.892735897166667,-0.452022815263333,0.680556223621111,-1.31618767306222,1.36284032317222,-0.251693927136667,-1.75655168912111,0,807.848991246679,4.25915396598187,1.39347889827045
25,716.256054,778.756054,-0.943175911688889,-0.570181603607778,0.690801306155555,-1.21206133166444,1.35353771841778,-0.215233999684444,-1.80552562709667,0,775.694853246679,3.48678034372885,0.689795526002667
26,732.691093,795.191093,-0.98064813009,-0.404759299925556,0.690818759447778,-1.23712425929556,1.31878821360333,-0.271067081503333,-1.84195064796444,0,792.129892246679,2.94845369593455,0.221619659538029
27,753.126974,815.626974,-1.01342541288333,-0.312623370284444,0.690818759447778,-1.26562548549444,1.25853944885222,-0.257261527355556,-1.88584567790333,0,812.565773246679,2.75906217494359,0.100578905039438
28,800.400084,862.900084,-1.04728479979444,-0.189246047565556,0.690818759447778,-1.38982311294778,1.34964563425222,-0.311296920075556,-1.95789286819667,0,859.838883246679,2.83134086807768,0.0962149771724808
29,825.166702,887.666702,-1.10791753697444,-0.107791532764444,0.662474612878889,-1.44738407069667,1.30723413415222,-0.36630969716,-2.01491277388667,0,884.605501246679,2.77902110117989,0.0530183571916133
30,841.878992,904.378992,-1.17038286983778,-0.05152211864,0.66680302935,-1.47707212076667,1.22813581380111,-0.3832742972,-2.07018735035444,0,901.317791246679,2.70496513012586,0.0198751117880137
31,864.690812,927.190812,-1.19282780363556,-0.0656069254633333,0.959337660286667,-1.47707212076667,1.22813581380111,-0.0900415345744444,-2.00740785823111,0,924.129611246679,2.44840320010364,-0.131707946679062
32,858.879062,921.379062,-1.24190646136444,-0.0866032360066667,0.965673205363333,-1.50213504839778,1.22813581380111,-0.124372160375556,-1.95337246551111,0,918.317861246679,2.43622464028925,-0.143048827935822
33,921.836176,984.336176,-1.1513936879,0.0419228079177778,0.965673205363333,-1.56753253435444,1.32285483069111,-0.0918392236733333,-1.88296588468667,0,981.274975246679,2.78656335070071,0.113053268463436
34,940.355864,1002.855864,-1.11549226579889,0.0553618429288889,0.98394680232,-1.57926114672778,1.46146887752,-0.0709650861755556,-1.79686879415444,0,999.794663246679,2.96297706042825,0.267810400306977
35,967.354531,1029.854531,-1.00155717417222,0.0715934046955556,0.988729004388889,-1.57926114672778,1.47831130451444,0.0940383384933333,-1.74372351933778,0,1026.79333024668,2.69447221845986,0.0447188624545947
36,932.873587,995.373587,-0.957923943616667,-0.0275936550033333,0.975796114852222,-1.57676532594,1.41577615848222,0.175231053911111,-1.68309078215778,0,992.31238624668,2.29293183700141,-0.264753916828354
37,940.833158,1003.333158,-0.84100433902,-0.04932300382,0.950139775285556,-1.56220928022667,1.37305049912222,0.243141813947778,-1.62046836966444,0,1000.27195724668,1.86453328593994,-0.715563446188628
38,924.692918,987.192918,-0.818000899871111,-0.0911236386922222,0.934553985331111,-1.56219182693444,1.35702837686222,0.287944415082222,-1.55948656664,0,984.131717246679,1.9040182138419,-0.614188267952799
39,903.706043,966.206043,-0.788243036632222,-0.149103475454444,0.934536532038889,-1.53032211533667,1.27290350835111,0.314037086954444,-1.43921592993667,0,963.144842246679,1.65928618906086,-0.873616265242861
40,881.869867,944.369867,-0.726598008503333,-0.185109617308889,0.886138552706667,-1.47934104875556,1.26302494495333,0.3361504082,-1.35036121923333,0,941.308666246679,1.72691230009958,-0.806861260214021
41,872.710044,935.210044,-0.635090397382222,-0.239162463321111,0.845507288413333,-1.46010752072667,1.18197185587333,0.336185314784444,-1.28635999665444,0,932.148843246679,1.84319152888257,-0.745165729817433
42,865.006668,927.506668,-0.593900627737778,-0.270246776768889,0.824790230545556,-1.44448682418778,1.06711173975889,0.329832316415556,-1.21583124278444,0,924.445467246679,1.9112799143487,-0.731724863132012
43,863.48354,925.98354,-0.549063120018889,-0.288572733602222,0.807022779063333,-1.44968790527,1.00345958302444,0.402211119261111,-1.13439418127556,0,922.922339246679,1.84308310871184,-0.75942791425322
44,848.690952,911.190952,-0.523371873867778,-0.320529711661111,0.772727059846667,-1.43741824083778,0.994837656666667,0.42537163804,-1.07421522969333,0,908.12975124668,1.99584269048692,-0.558846429062355
45,853.958728,916.458728,-0.457764948404444,-0.344405815421111,0.738832766351111,-1.44532458221444,0.967540707631111,0.458655066307778,-1.02892393637667,0,913.397527246679,1.96054771615961,-0.575288415445753
46,851.677546,914.177546,-0.416208659623333,-0.368089932966667,0.722479031538889,-1.43080344308556,0.922703199912222,0.485620402791111,-0.952897395456667,0,911.116345246679,1.62058587711245,-0.920315583145105
47,841.141995,903.641995,-0.350427201237778,-0.450539285424444,0.702163399392222,-1.39198732118333,0.874479753502222,0.532691931914444,-0.842819481411111,0,900.580794246679,1.51702851880542,-0.987285258142746
48,830.409911,892.909911,-0.289794464057778,-0.509164893998889,0.668042213097778,-1.34432238012444,0.83424991493,0.590985927936667,-0.759392744588889,0,889.848710246679,1.56458417613847,-0.890358858915875
49,822.983786,885.483786,-0.174532922222222,-0.59973002734,0.495603685942222,-1.31198142963667,0.766740580614444,0.65093798672,-0.626259031517778,0,882.422585246679,0.919214184713635,-1.47529764578259
50,933.105215,995.605215,0.0698131688888889,-0.658687248466667,0.365454485841111,-1.38348756787111,0.674115958791111,0.738972392688889,-0.26609289322,0,992.544014246679,1.11904532067353,-1.32565308003164
51,840.426055,902.926055,-0.719337438938889,-0.316864520294444,0.766408968062222,-1.54023558531889,1.09302987870889,0.256004890315556,-1.37219528780333,0,899.864854246679,2.58787036532304,-0.00116245236515648
52,835.93739,898.43739,-0.681114728972222,-0.351910731076667,0.748519343534444,-1.52629040483333,0.979304226588889,0.23153537462,-1.29185778370444,0,895.37618924668,2.96604171621462,0.312698179777958
53,837.074472,899.574472,-0.641181596367778,-0.369678182558889,0.732357594936667,-1.54468617483556,0.913924193924444,0.323077892325556,-1.22639048457889,0,896.513271246679,2.35238305630969,-0.260944637411787
54,820.832456,883.332456,-0.61748002553,-0.406958414745556,0.682650618687778,-1.52026901901667,0.914220899892222,0.334963584328889,-1.16031232022556,0,880.271255246679,2.35694860267388,-0.26007368988369
55,828.707798,891.207798,-0.548940946973333,-0.446141055784444,0.660118418428889,-1.52271247992778,0.886993764025556,0.36850881198,-1.10348440075,0,888.146597246679,2.37695513085334,-0.242776868730322
56,827.518074,890.018074,-0.496144738001111,-0.455286580908889,0.626957163206667,-1.50614930560889,0.830427643933333,0.385717758111111,-1.03819163454667,0,886.956873246679,2.48359296438549,-0.136876340206661
57,831.919,894.419,-0.446141055784444,-0.5246459642,0.621965521631111,-1.49363529508556,0.798680105381111,0.441341400423333,-0.930400101782222,0,891.357799246679,2.63764515929632,0.0308625089463378
58,828.971011,891.471011,-0.371615497995556,-0.60601321254,0.592626537405555,-1.43654557622667,0.739722884254444,0.490420058152222,-0.841929363507778,0,888.40981024668,2.29748689570608,-0.284685613590975
59,830.718748,893.218748,-0.270997268334444,-0.684413401202222,0.406731521946667,-1.40720659200111,0.674081052206667,0.561943649678889,-0.705950763804444,0,890.157547246679,2.06008680451419,-0.637392720871722
60,935.495192,997.995192,-0.0186401160933333,-0.741468213476667,0.272550611342222,-1.47120781458,0.583009773391111,0.67041586084,-0.355383936228889,0,994.933991246679,2.51525479227144,-0.188116186774735
61,938.555485,1001.055485,-1.74532922222222e-05,-0.523598766666667,0,-1.5707963,1.74532922222222e-05,-1.74532922222222e-05,0,0,997.994284246679,6.58319739661051,3.46369701205217
62,896.293957,958.793957,-1.74532922222222e-05,-0.349048391152222,0,-1.5707963,1.74532922222222e-05,1.74532922222222e-05,0,0,955.732756246679,4.79183267663863,1.85772590747667
63,884.891556,947.391556,-1.74532922222222e-05,-0.17451546893,1.74532922222222e-05,-1.57081375329222,1.74532922222222e-05,-1.74532922222222e-05,1.74532922222222e-05,0,944.330355246679,3.202319030705,0.428615310222079
64,957.17344,1019.67344,0,0.17451546893,0,-1.57081375329222,1.74532922222222e-05,-1.74532922222222e-05,1.74532922222222e-05,0,1016.61223924668,2.26223081266097,-0.339387603470754
65,1031.887415,1094.387415,0,0.349048391152222,0,-1.57077884670778,1.74532922222222e-05,-1.74532922222222e-05,0,0,1091.32621424668,2.1110940157949,-0.48546279740337
66,812.181512,874.681512,0,1.74532922222222e-05,-0.523598766666667,-1.5707963,1.74532922222222e-05,-1.74532922222222e-05,0,0,871.620311246679,3.14665426971572,0.444136463175969
67,824.264757,886.764757,0,0,-0.349100751028889,-1.5707963,1.74532922222222e-05,-6.98131688888889e-05,0,0,883.703556246679,2.2771882402941,-0.336362738099239
68,856.590861,919.090861,-1.74532922222222e-05,1.74532922222222e-05,-0.17451546893,-1.5707963,1.74532922222222e-05,1.74532922222222e-05,0,0,916.029660246679,2.07294298610738,-0.528688621464502
69,968.94083,1031.44083,0,1.74532922222222e-05,0.17451546893,-1.5707963,1.74532922222222e-05,1.74532922222222e-05,0,0,1028.37962924668,3.10870329907442,0.336373874503458
70,1041.215695,1103.715695,0,1.74532922222222e-05,0.349048391152222,-1.57077884670778,1.74532922222222e-05,1.74532922222222e-05,0,0,1100.65449424668,4.24196119641262,1.31812926964446
71,1079.799256,1142.299256,0,1.74532922222222e-05,0.436297398971111,-1.57081375329222,1.74532922222222e-05,-1.74532922222222e-05,0,0,1139.23805524668,5.00953176140451,2.00007802750689
72,985.544325,1048.044325,0,1.74532922222222e-05,0,-1.88495556,1.74532922222222e-05,-3.49065844444444e-05,1.74532922222222e-05,0,1044.98312424668,3.72369974446318,0.954264024386241
73,944.521654,1007.021654,0,1.74532922222222e-05,0,-1.74532922222222,1.74532922222222e-05,1.74532922222222e-05,1.74532922222222e-05,0,1003.96045324668,2.98823371183099,0.286416772547581
74,885.070541,947.570541,0,1.74532922222222e-05,1.74532922222222e-05,-1.39626337777778,3.49065844444444e-05,-1.74532922222222e-05,0,0,944.509340246679,2.60069333755231,-0.0721557530630867
75,882.740226,945.240226,0,0,-1.74532922222222e-05,-1.22171300226333,1.74532922222222e-05,1.74532922222222e-05,0,0,942.179025246679,3.20672859209914,0.462106254314963
76,899.610444,962.110444,0,1.74532922222222e-05,0,-1.04719753333333,3.49065844444444e-05,1.74532922222222e-05,1.74532922222222e-05,0,959.049243246679,4.38858711115775,1.51926772414378
77,906.818979,969.318979,0,1.74532922222222e-05,0,-1.5707963,-0.785380696707778,1.74532922222222e-05,1.74532922222222e-05,0,966.25777824668,3.09949874940529,0.404728789401442
78,906.590861,969.090861,0,1.74532922222222e-05,0,-1.57077884670778,-0.523581313374444,1.74532922222222e-05,0,0,966.02966024668,2.87477774312483,0.182246523791606
79,906.296062,968.796062,0,1.74532922222222e-05,0,-1.57081375329222,-0.261799383333333,1.74532922222222e-05,0,0,965.734861246679,2.57438124652654,-0.106137812782249
80,905.867902,968.367902,-1.74532922222222e-05,1.74532922222222e-05,0,-1.5707963,0.261799383333333,1.74532922222222e-05,0,0,965.306701246679,2.15481761669933,-0.476188806699652
81,905.773145,968.273145,0,1.74532922222222e-05,0,-1.57081375329222,0.523598766666667,1.74532922222222e-05,0,0,965.21194424668,2.05230923280131,-0.544579278422342
82,905.766126,968.266126,0,0,0,-1.57081375329222,0.78539815,-3.49065844444444e-05,0,0,965.204925246679,2.04454869630732,-0.514995623617577
