build,HE3-V3-CRAIG-MDH-ANALYTIC-LASER-PRIOR-20260825-R6.2
status,1
iterations,4
active_count,15
rank,15
condition,2121.14122159899
mae_before_mm,1.39092014290081
mae_after_mm,1.02306512245188
max_before_mm,4.13097389210426
max_after_mm,3.38589915767429
laser_reference_count,8
laser_reference_source,2.HE3_laser_calibration_dataset
laser_design_d_mm,0|49|493|-120|317|0|93
controller_mdh_alpha_deg,0|90|-90|90|-90|90|-90
legacy_sdh_alpha_deg,90|-90|90|-90|90|-90|0
laser_population_d2_d5_max_span_mm,1.798
laser_population_alpha_q_max_span_deg,1.079407
terminal_structure_d7_mm,93
tool_offset_mm,49
terminal_effective_mm,142
q6_sensitivity_rms_mm_per_deg,1.08491932814853
alpha6_sensitivity_rms_mm_per_deg,1.07818973656463
q7_sensitivity_rms_mm_per_deg,0
q6_alpha6_column_cosine,-0.102233848518408
q6_candidate_active,1
iteration,mae_mm,max_mm,step_scale,d1_mm,d2_mm,d3_mm,d4_mm,d5_mm,d6_mm,d7_mm,alpha1_deg,alpha2_deg,alpha3_deg,alpha4_deg,alpha5_deg,alpha6_deg,alpha7_deg,q0_1_deg,q0_2_deg,q0_3_deg,q0_4_deg,q0_5_deg,q0_6_deg,q0_7_deg
0,1.39092014290081,4.13097389210426,0,0,49,493,-120,317,0,142,0,90,-90,90,-90,90,-90,0,0,0,0,0,0,0
1,1.07198654633867,3.48667570369221,0.25,0,48.9237861974014,493.821871789904,-117.422810537811,317.636160803398,0,142,0,89.9262751059017,-89.9034678311938,89.5869860216045,-90.1471734396759,90.3698192636995,-90.4913606127573,0,0.274779430122395,0.424465031538097,-0.115576834761624,0.51352410857973,-0.00317189696318694,0
2,1.04354904310388,3.42813926962804,0.03125,0,48.9131712362275,493.898126604589,-117.180715276489,317.696089129251,0,142,0,89.9194175577387,-89.8942895538405,89.5487785409399,-90.1617689907373,90.3964482186222,-90.5294039468345,0,0.300909501560664,0.464040420043922,-0.126771643258234,0.560503854248616,-0.00344740592603128,0
3,1.0298180236149,3.39982561415098,0.015625,0,48.9078892637504,493.935014648943,-117.063445291847,317.725123861113,0,142,0,89.9160979418223,-89.8898387337461,89.5302963877142,-90.1688765598724,90.409065377866,-90.5475506898191,0,0.313581629667624,0.483190511117243,-0.13220725445197,0.583209594140291,-0.00358019700677778,0
4,1.02306512245188,3.38589915767429,0.0078125,0,48.9052561394123,493.95315861485,-117.005725888698,317.739415875995,0,142,0,89.9144645482012,-89.8876468766399,89.5212056332358,-90.1723839026687,90.4152087818883,-90.5564158789013,0,0.319822348477302,0.492611125271738,-0.134885651810464,0.594373098039979,-0.00364540652240911,0
result_slot,value_before_gui_unit_conversion
0,0
1,0
2,0
3,-0.117005725888698
4,0.317739415875995
5,0.142
6,-0
7,-0.319822348477302
8,-0.492611125271738
9,0.134885651810464
10,-0.594373098039979
11,0.00364540652240911
point,rope_raw_mm,rope_with_fixed_offset_mm,q1_rad,q2_rad,q3_rad,q4_rad,q5_rad,q6_rad,q7_rad,sample_std_mm,residual_before_mm,residual_after_mm
1,896.213238,958.713238,0,0,0,-1.5707963,1.74532922222222e-05,-1.74532922222222e-05,0,0,0.83399350808,0.420944048761029
2,843.633747,906.133747,-0.211167382596667,-0.0486074188388889,0.08843583169,-1.48073731213333,-0.309080351963333,-0.0693942898755556,-0.0878598730466667,0,0.994295221261932,0.461560381760706
3,989.52411,1052.02411,-0.0839328822966667,0.159645263956667,0.134756869247778,-1.75759888665444,-0.684064335357778,-0.0510159731655556,0.282498987908889,0,1.68179529129642,1.25127206838416
4,1086.920053,1149.420053,-0.00417133684111111,0.403013970703333,0.101525800856667,-1.91373603887444,-0.849940424637778,-0.130445906068889,0.485794935713333,0,0.585958897496575,0.623841621988808
5,1012.234155,1074.734155,-0.191288082755556,0.317911717827778,0.121928699464444,-1.73042411066444,-0.474048870047778,-0.18566812266,0.773582271165556,0,0.345309548249073,0.141278446147641
6,991.254299,1053.754299,-0.290876568175556,0.253282176728889,0.217590194134444,-1.70005538219778,-0.396695878918889,-0.0412770361055556,1.20492293514556,0,1.16581090728696,0.761780167840342
7,1017.926581,1080.426581,-0.200712860555556,0.265883453713333,0.188565369168889,-1.80992385673667,-0.256720475296667,0.02780309451,0.78209947777,0,1.13138633831111,0.767104411800723
8,938.762547,1001.262547,-0.123743841855556,0.101595614025556,0.121928699464444,-1.62963134808111,-0.426069769728889,0.114860116114444,1.20530690757444,0,1.72063300939496,1.22349977342706
9,968.600407,1031.100407,0.00804596771444444,0.172717779831111,-0.0494626301577778,-1.85163722514778,-0.258361084765556,0.131353477264444,0.83786274642,0,0.4424290253493,0.238843692752733
10,932.863059,995.363059,0.11702432435,-0.00418879013333333,-0.00907571195555556,-1.63265076763556,-0.0704589407011111,0.145996789438889,0.498535839035556,0,1.04401270625964,0.819294120422032
11,777.058328,839.558328,0.229912218443333,-0.266930651246667,-0.286809951087778,-1.01171499024556,-0.0704589407011111,-0.196785869805556,0.923296611847778,0,0.558614968975135,0.551603808698453
12,716.175335,778.675335,0.10335839654,-0.505394982878889,-0.286809951087778,-1.04513804485111,-0.445198578004444,-0.00513126791333333,1.42272256878667,0,0.560013256217351,0.129544420840233
13,771.323787,833.823787,0.10335839654,-0.251973179812222,-0.223751206288889,-1.30557607139111,-0.0478569272733333,0.0924849954855556,1.06440647946444,0,0.168416286953854,-0.0203815095982662
14,889.903138,952.403138,0.170658291348889,0.0703891275322222,-0.223751206288889,-1.59395681877889,-0.46212827146,0.172124367895556,1.45288185774667,0,0.229710427190333,0.246872802533882
15,915.877027,978.377027,0.453820504362222,0.158074467656667,-0.461325420017778,-1.72070262689667,-0.171583315836667,0.0621686268955556,0.395718494554444,0,-1.73617585326868,-1.2724225615619
16,898.245245,960.745245,0.628039267324444,0.158074467656667,-0.65439373858,-1.74208290986889,-0.229877311858889,0.134268177065556,-0.108960903343333,0,-2.41942095877601,-1.66877783212871
17,874.970169,937.470169,-0.284279223715556,0.158057014364444,-0.15330971888,-1.40413481257,0.853308910036667,-0.40636500281,-0.108960903343333,0,-0.435989483032917,-0.322686729453125
18,755.702955,818.202955,-0.445722176771111,-0.117844629084444,-0.15330971888,-1.08653725400222,1.31824716154444,-0.771610049144444,-1.05901341216778,0,0.227909211703681,0.0901828765536017
19,704.667649,767.167649,-0.51553534566,-0.38248889905,0.214762760794444,-1.08651980071,1.31826461483667,-0.583009773391111,-1.25408885933556,0,2.6883861926813,2.15769006820432
20,811.451534,873.951534,-0.350462107822222,-0.107477373504444,0.189333314026667,-1.40411735927778,1.53437127913222,-0.0904080537111111,-1.45303893737667,0,0.739496801483552,0.317321017228922
21,786.463817,848.963817,-0.558173738558889,-0.182596343228889,0.301191463878889,-1.44158957767889,1.47569331068111,-0.116937057888889,-1.51567880316222,0,0.663767890557443,0.373684622990367
22,768.421422,830.921422,-0.743283355867778,-0.240401647068889,0.371091899228889,-1.42612596077,1.36538850383667,-0.228655581403333,-1.60566797786,0,-0.389519808367655,-0.378907503845616
23,738.853794,801.353794,-0.859452468898889,-0.349083297736667,0.4932300382,-1.34008123011444,1.42387448607333,-0.275657297357778,-1.63238896825222,0,-1.3476638971075,-1.05785653563473
24,736.51295,799.01295,-0.892700990582222,-0.452005361971111,0.680573676913333,-1.31617021977,1.36282286988,-0.251711380428889,-1.75655168912111,0,-0.0223060586739265,0.0580381854292655
25,702.856742,765.356742,-0.943175911688889,-0.570164150315556,0.690818759447778,-1.21207878495667,1.35353771841778,-0.215286359561111,-1.80554308038889,0,-2.96745122230868,-2.17693564864629
26,720.783323,783.283323,-0.98064813009,-0.404724393341111,0.69083621274,-1.23710680600333,1.31877076031111,-0.271049628211111,-1.84195064796444,0,-2.13728950859349,-1.62025475256156
27,741.563136,804.063136,-1.01342541288333,-0.3125884637,0.690818759447778,-1.26562548549444,1.25853944885222,-0.25729643394,-1.88586313119556,0,-2.09706097321816,-1.58824749026421
28,789.594301,852.094301,-1.04724989321,-0.189228594273333,0.690818759447778,-1.38984056624,1.34962818096,-0.311314373367778,-1.95792777478111,0,-0.940248507317443,-0.772173108380736
29,814.122271,876.622271,-1.10790008368222,-0.107774079472222,0.662492066171111,-1.44738407069667,1.30721668086,-0.366292243867778,-2.01494768047111,0,-1.31836396174623,-1.01804051551257
30,830.63452,893.13452,-1.17038286983778,-0.0515046653477778,0.66680302935,-1.47708957405889,1.22813581380111,-0.383309203784444,-2.07020480364667,0,-1.67600417953784,-1.20940763401234
31,855.0186,917.5186,-1.19281035034333,-0.0655894721711111,0.959355113578889,-1.47707212076667,1.22813581380111,-0.0900764411588889,-2.00742531152333,0,0.218903291668959,0.176618576709031
32,848.898014,911.398014,-1.24187155478,-0.0865683294222222,0.965690658655555,-1.50215250169,1.22813581380111,-0.124354707083333,-1.95340737209556,0,-0.182703695129849,-0.0834151462160149
33,912.816733,975.316733,-1.15135878131556,0.04194026121,0.965690658655555,-1.56751508106222,1.32287228398333,-0.0918217703811111,-1.88300079127111,0,1.69585594426314,1.20032865573061
34,931.613673,994.113673,-1.11545735921444,0.0553967495133333,0.98394680232,-1.57926114672778,1.46146887752,-0.07099999276,-1.79686879415444,0,2.28052299909853,1.64319844541161
35,959.170352,1021.670352,-1.00153972088,0.0716108579877778,0.988763910973333,-1.57927860002,1.47829385122222,0.0940557917855556,-1.74375842592222,0,2.64393326079659,1.93568777805542
36,924.738541,987.238541,-0.957889037032222,-0.0275762017111111,0.975813568144444,-1.57678277923222,1.41577615848222,0.175231053911111,-1.68309078215778,0,2.2425442626901,1.64053067880265
37,933.017477,995.517477,-0.840969432435556,-0.04932300382,0.950139775285556,-1.56220928022667,1.37303304583,0.243106907363333,-1.62048582295667,0,2.24259593320764,1.52718913450689
38,916.852671,979.352671,-0.818000899871111,-0.0911236386922222,0.934571438623333,-1.56219182693444,1.35702837686222,0.28792696179,-1.55950401993222,0,2.26884203730082,1.62960295488568
39,895.778059,958.278059,-0.78822558334,-0.149103475454444,0.934536532038889,-1.53030466204444,1.27292096164333,0.314054540246667,-1.43923338322889,0,1.96215070020256,1.30772353208986
40,873.88573,936.38573,-0.726632915087778,-0.185092164016667,0.886138552706667,-1.47934104875556,1.26302494495333,0.336185314784444,-1.35037867252556,0,1.96897200482904,1.33086685545147
41,864.732926,927.232926,-0.63507294409,-0.239127556736667,0.845524741705556,-1.46010752072667,1.18197185587333,0.336185314784444,-1.28639490323889,0,2.30465647669709,1.57534094615919
42,856.801432,919.301432,-0.593900627737778,-0.270229323476667,0.824807683837778,-1.44448682418778,1.06712919305111,0.329814863123333,-1.21586614936889,0,2.27266772507695,1.49135365945319
43,855.187057,917.687057,-0.549045666726667,-0.28855528031,0.807022779063333,-1.44968790527,1.00345958302444,0.402211119261111,-1.13442908786,0,2.19220296237144,1.47993897428744
44,840.194427,902.694427,-0.523336967283333,-0.320512258368889,0.772744513138889,-1.43740078754556,0.994837656666667,0.425441451208889,-1.07423268298556,0,2.22319184478204,1.59147245050273
45,845.209518,907.709518,-0.457747495112222,-0.344370908836667,0.738815313058889,-1.44528967563,0.967558160923333,0.458620159723333,-1.02892393637667,0,2.14917251147018,1.55615276237109
46,842.728294,905.228294,-0.416243566207778,-0.368072479674444,0.722496484831111,-1.43080344308556,0.922720653204445,0.485620402791111,-0.952897395456667,0,1.73230803534274,1.16588830402076
47,831.838282,894.338282,-0.350392294653333,-0.450521832132222,0.702180852684444,-1.39196986789111,0.874497206794444,0.532691931914444,-0.842819481411111,0,1.5872138118842,1.13471816455168
48,820.621885,883.121885,-0.289777010765556,-0.509129987414444,0.66805966639,-1.34428747354,0.83424991493,0.591020834521111,-0.759410197881111,0,1.39274239072529,1.0820719985386
49,811.946375,874.446375,-0.17451546893,-0.599712574047778,0.495621139234444,-1.31196397634444,0.766758033906667,0.650990346596667,-0.62627648481,0,-0.0364206099341402,-0.106740538245331
50,920.604338,983.104338,0.0698480754733333,-0.658669795174444,0.365471939133333,-1.38348756787111,0.674133412083333,0.738972392688889,-0.26609289322,0,-0.740557461053504,-0.50631987861427
51,831.343441,893.843441,-0.719319985646667,-0.316881973586667,0.766426421354444,-1.54021813202667,1.09301242541667,0.255987437023333,-1.37219528780333,0.00151966274265536,1.96493019939903,1.47490829961228
52,826.644206,889.144206,-0.681079822387778,-0.351875824492222,0.748519343534444,-1.52630785812556,0.979304226588889,0.231587734496667,-1.29185778370444,0,2.29259124332237,1.72519935816495
53,827.746192,890.246192,-0.641164143075555,-0.369695635851111,0.732357594936667,-1.54468617483556,0.913959100508889,0.323060439033333,-1.22642539116333,0,1.7356157765317,1.22025972927786
54,811.061978,873.561978,-0.617445118945556,-0.406958414745556,0.682633165395556,-1.52028647230889,0.914220899892222,0.334998490913333,-1.16031232022556,0,1.31508172974404,0.888488350541894
55,818.832035,881.332035,-0.548975853557778,-0.4461061492,0.660135871721111,-1.52271247992778,0.886976310733333,0.368543718564444,-1.10350185404222,0,1.53155436027064,1.08936387170233
56,817.50193,880.00193,-0.496127284708889,-0.455269127616667,0.626974616498889,-1.50614930560889,0.830427643933333,0.385717758111111,-1.03820908783889,0,1.62287955333018,1.16866156340567
57,821.460658,883.960658,-0.4461061492,-0.524628510907778,0.621982974923333,-1.49361784179333,0.798680105381111,0.441358853715556,-0.930417555074444,0,1.6134448214542,1.22920124443437
58,817.965186,880.465186,-0.371563138118889,-0.605978305955556,0.592643990697778,-1.43652812293444,0.739722884254444,0.49040260486,-0.841964270092222,0,1.05995585854901,0.780329729034412
59,818.403874,880.903874,-0.270997268334444,-0.68439594791,0.406714068654444,-1.40720659200111,0.674098505498889,0.561961102971111,-0.705968217096667,0,-0.267870271968063,-0.450762631531987
60,921.980066,984.480066,-0.0186052095088889,-0.741468213476667,0.272585517926667,-1.47119036128778,0.583009773391111,0.670450767424444,-0.355383936228889,0,-0.383216251995777,-0.423001263427203
61,897.048501,959.548501,0,0,0,-1.5707963,0,-1.74532922222222e-05,-1.39626337777778,0,nan,nan
62,897.002878,959.502878,0,0,0,-1.5707963,0,-1.74532922222222e-05,-1.04718008004111,0,nan,nan
63,896.883554,959.383554,0,0,0,-1.57081375329222,0,-1.74532922222222e-05,-0.698114235596667,0.00160825987750258,nan,nan
64,896.788798,959.288798,0,0,0,-1.5707963,1.74532922222222e-05,0,-0.349048391152222,0.00174595956535871,nan,nan
65,896.732645,959.232645,0,1.74532922222222e-05,0,-1.57081375329222,0,0,0,0,nan,nan
66,896.722117,959.222117,0,0,0,-1.5707963,0,-1.74532922222222e-05,0.349048391152222,0,nan,nan
67,896.722117,959.222117,0,0,0,-1.57081375329222,0,-5.23598766666667e-05,0.698096782304444,0,nan,nan
68,896.725626,959.225626,0,0,0,-1.5707963,1.74532922222222e-05,-1.74532922222222e-05,1.04718008004111,0,nan,nan
69,896.820383,959.320383,0,0,0,-1.5707963,0,0,1.39626337777778,0,nan,nan
70,755.766126,818.266126,-0.445722176771111,-0.117879535668889,-0.153274812295556,-1.08650234741778,1.31824716154444,-0.771592595852222,-1.05899595887556,0,nan,nan
71,704.709763,767.209763,-0.51553534566,-0.38248889905,0.214762760794444,-1.08650234741778,1.31826461483667,-0.582992320098889,-1.25408885933556,0,nan,nan
72,811.602443,874.102443,-0.350462107822222,-0.107477373504444,0.189315860734444,-1.40413481257,1.53438873242444,-0.0904255070033333,-1.45302148408444,0,nan,nan
73,755.706465,818.206465,-0.445687270186667,-0.117844629084444,-0.15330971888,-1.08651980071,1.31826461483667,-0.771592595852222,-1.05899595887556,0,nan,nan
74,704.692216,767.192216,-0.51553534566,-0.382471445757778,0.21472785421,-1.08651980071,1.31826461483667,-0.582992320098889,-1.25408885933556,0,nan,nan
75,811.535762,874.035762,-0.350462107822222,-0.107477373504444,0.189298407442222,-1.40413481257,1.53438873242444,-0.0904080537111111,-1.45305639066889,0,nan,nan
76,755.678388,818.178388,-0.445687270186667,-0.117844629084444,-0.15330971888,-1.08651980071,1.31826461483667,-0.771592595852222,-1.05901341216778,0,nan,nan
77,704.653611,767.153611,-0.515552798952222,-0.38248889905,0.214762760794444,-1.08653725400222,1.31824716154444,-0.582957413514445,-1.25407140604333,0,nan,nan
78,811.539271,874.039271,-0.350462107822222,-0.107477373504444,0.189315860734444,-1.40411735927778,1.53440618571667,-0.0904080537111111,-1.45303893737667,0,nan,nan
79,925.380782,987.880782,0,-0.523563860082222,0,-1.5707963,0,-1.74532922222222e-05,0,0,3.55699750019356,2.8524994482565
80,884.659928,947.159928,0,-0.34903093786,0,-1.5707963,0,-1.74532922222222e-05,0,0,2.91943005600026,2.25098149485059
81,874.363024,936.863024,0,-0.174498015637778,0,-1.5707963,0,0,0,0,1.82456338615955,1.25680054276311
82,947.99256,1010.49256,0,0.174532922222222,0,-1.5707963,1.74532922222222e-05,-1.74532922222222e-05,0,0,0.545666360711072,0.318435461307498
83,1023.106619,1085.606619,0,0.349048391152222,0,-1.5707963,0,0,0,0,-0.00202895532996905,-0.0365434447799906
84,801.259914,863.759914,0,1.74532922222222e-05,-0.523581313374444,-1.5707963,1.74532922222222e-05,0,0,0,-1.31360225358412,-0.858183521320721
85,813.809925,876.309925,0,0,-0.349083297736667,-1.5707963,1.74532922222222e-05,-5.23598766666667e-05,0,0,-0.918742635794279,-0.783029093003762
86,846.602794,909.102794,0,0,-0.174532922222222,-1.57081375329222,0,0,0,0,-0.0214843563133282,-0.183009028436265
87,959.784516,1022.284516,0,0,0.174532922222222,-1.5707963,1.74532922222222e-05,-1.74532922222222e-05,0,0,2.55244774849306,1.94456457866266
88,1032.382256,1094.882256,0,0,0.349048391152222,-1.57081375329222,0,-1.74532922222222e-05,0,0,4.13097389210426,3.38589915767429
89,1085.670668,1148.170668,0,0,0.481902851547778,-1.5707963,0,-1.74532922222222e-05,0,0.00105285323225942,-0.538304067438711,-1.35213193197736
90,975.264968,1037.764968,0,1.74532922222222e-05,0,-1.88495556,0,0,0,0,2.18883506940859,1.80442956290983
91,934.43532,996.93532,0,0,0,-1.74532922222222,0,0,0,0,1.5214945056411,1.11198958815217
92,875.531691,938.031691,0,0,0,-1.39626337777778,0,-1.74532922222222e-05,0,0.00151966274265536,0.977352557274935,0.595844480177243
93,873.380361,935.880361,0,1.74532922222222e-05,0,-1.22171300226333,0,-1.74532922222222e-05,0,0,1.17123001217345,0.856379646224426
94,890.394469,952.894469,0,0,0,-1.04719753333333,0,0,0,0,1.86837628292058,1.6496549831222
95,897.104654,959.604654,0,0,0,-1.5707963,-0.785380696707778,0,0,0,1.72632479742885,1.27605780168127
96,896.887064,959.387064,0,0,0,-1.5707963,-0.523563860082222,1.74532922222222e-05,0,0,1.50891703331513,1.05653650727133
97,896.585246,959.085246,0,0,0,-1.5707963,-0.261781930041111,0,0,0,1.2069167974289,0.76723169530768
98,896.153576,958.653576,0,0,0,-1.57081375329222,0.261781930041111,5.23598766666667e-05,0,0,0.775888316462914,0.401674613441316
99,896.072857,958.572857,0,0,-1.74532922222222e-05,-1.5707963,0.523616219958889,0,0,0,0.700124410473957,0.374165900102086
100,896.069348,958.569348,0,0,0,-1.5707963,0.78539815,0,0,0,0.691018797429055,0.419513726530929
