build,HE3-V3-CRAIG-MDH-ANALYTIC-LASER-POLICY-20260826-R6.5-CLOSED-LOOP
status,1
iterations,4
active_count,15
rank,15
condition,2186.94769464808
mae_before_mm,56.3189729092867
mae_after_mm,53.28065443466
max_before_mm,99.6457897498113
max_after_mm,94.2324704294826
laser_reference_count,8
laser_reference_source,2.HE3_laser_calibration_dataset
laser_design_d_mm,0|49|493|-120|317|0|93
controller_mdh_alpha_deg,0|90|-90|90|-90|90|-90
legacy_sdh_alpha_deg,90|-90|90|-90|90|-90|0
input_model_source,¿ØÖÆÆ÷»Ø¶Á 1101.11/1101.12/1127.13
laser_allowed_parameters,D2|D3|D4|D5|Alpha1|Alpha2|Alpha3|Alpha4|Alpha5|Alpha6|Alpha7|q2|q3|q4|q5|q6
rope_active_parameters,D2|D3|D4|D5|Alpha1|Alpha2|Alpha3|Alpha4|Alpha5|Alpha6|q2|q3|q4|q5|q6
structurally_held,Alpha7|q7|A1-A7|D1|D6|D7|q1|Beta1-Beta7
laser_population_d2_d5_max_span_mm,1.798
laser_population_alpha_q_max_span_deg,1.079407
terminal_structure_d7_mm,93
tool_offset_mm,49
terminal_effective_mm,142
q6_sensitivity_rms_mm_per_deg,1.21028026004344
alpha6_sensitivity_rms_mm_per_deg,1.14990546303041
q7_sensitivity_rms_mm_per_deg,0
q6_alpha6_column_cosine,-0.139245068130528
q6_candidate_active,1
iteration,mae_mm,max_mm,step_scale,d1_mm,d2_mm,d3_mm,d4_mm,d5_mm,d6_mm,d7_mm,alpha1_deg,alpha2_deg,alpha3_deg,alpha4_deg,alpha5_deg,alpha6_deg,alpha7_deg,q0_1_deg,q0_2_deg,q0_3_deg,q0_4_deg,q0_5_deg,q0_6_deg,q0_7_deg
0,56.3189729092867,99.6457897498113,0,0,49,493,-117.009,318.331,93,142,0,90,-90,90,-90,90,-90,0,0,0,0,0,0,0
1,54.5944822035072,96.5660387445957,0.03125,0,48.6054968618488,492.752871670697,-116.311889713794,317.730953607125,93,142,0,89.9805134034318,-89.9133446622926,89.9306892510008,-90.249066568217,89.7233591649033,-90.8621072386189,0,0.0340184403184184,-0.11744012882243,-0.0409970454849346,-0.016091675087805,0.167787365818381,0
2,53.7502916076372,95.0653248175095,0.015625,0,48.4140678635047,492.647622819257,-115.956754498931,317.449773832158,93,142,0,89.968995130311,-89.8690971341537,89.8911147132714,-90.3720383339011,89.5750309049322,-91.2695652716977,0,0.0506820538817205,-0.172324638354073,-0.0608497427128448,-0.0160198507044735,0.246524052460651,0
3,53.3326725874319,94.324566803953,0.0078125,0,48.3199041880328,492.599218276317,-115.778029041191,317.313962320279,93,142,0,89.9628727575679,-89.8468439518919,89.87030663773,-90.4329908437622,89.4985517785579,-91.4675895386534,0,0.0589191738551856,-0.198776398970441,-0.070592125460384,-0.014232024852107,0.284579982864261,0
4,53.28065443466,94.2324704294826,0.0009765625,0,48.3082331978254,492.593420139553,-115.755630473029,317.297285702184,93,142,0,89.9620870185027,-89.8440570170915,89.8676479263299,-90.4405724419551,89.4888530702031,-91.491992167801,0,0.0599426625867031,-0.202020190677681,-0.071797751555869,-0.0139072374220987,0.289254516883472,0
result_slot,value_before_gui_unit_conversion
0,0
1,0
2,0
3,-0.115755630473029
4,0.317297285702184
5,0.142
6,-0
7,-0.0599426625867031
8,0.202020190677681
9,0.071797751555869
10,0.0139072374220987
11,-0.289254516883472
point,rope_raw_mm,rope_with_fixed_offset_mm,q1_rad,q2_rad,q3_rad,q4_rad,q5_rad,q6_rad,q7_rad,sample_std_mm,residual_before_mm,residual_after_mm
1,900.603636,963.103636,0,0,0,-1.57077884670778,1.74532922222222e-05,-1.74532922222222e-05,0,0,-19.9587263656071,-18.932284139043
2,847.736366,910.236366,-0.211202289181111,-0.0486074188388889,0.08843583169,-1.48075476542556,-0.309080351963333,-0.0694117431677778,-0.0878424197544445,0,-19.1820682358447,-18.1514108812652
3,993.198568,1055.698568,-0.0839852421733333,0.159627810664444,0.134756869247778,-1.75759888665444,-0.684064335357778,-0.0509985198733333,0.282498987908889,0,-8.1593519634906,-7.75969260793996
4,1090.489226,1152.989226,-0.00417133684111111,0.402996517411111,0.101525800856667,-1.91373603887444,-0.849940424637778,-0.130515719237778,0.485794935713333,0.00140380430967923,-12.7419679377834,-12.039980003236
5,1015.617323,1078.117323,-0.19132298934,0.317894264535556,0.121928699464444,-1.73040665737222,-0.474031416755556,-0.185685575952222,0.773599724457778,0,-21.0822091435732,-19.8395471950652
6,994.54622,1057.04622,-0.290876568175556,0.253247270144444,0.217590194134444,-1.70007283549,-0.396695878918889,-0.0412421295211111,1.20494038843778,0,-21.3117501842004,-20.2117599079297
7,1021.516811,1084.016811,-0.200730313847778,0.265883453713333,0.188530462584444,-1.80992385673667,-0.256737928588889,0.02780309451,0.782116931062222,0,-12.935170159267,-12.3282656437165
8,942.61248,1005.11248,-0.12377874844,0.101578160733333,0.121928699464444,-1.62963134808111,-0.426069769728889,0.114790302945556,1.20530690757444,0,-15.838467478662,-15.1125390016047
9,973.046957,1035.546957,0.00802851442222222,0.172700326538889,-0.0494451768655556,-1.85163722514778,-0.258343631473333,0.13131857068,0.837897653004445,0,-9.5404096526015,-9.1203937234805
10,937.657051,1000.157051,0.117006871057778,-0.00422369671777778,-0.00907571195555556,-1.63263331434333,-0.0704763939933333,0.145961882854444,0.498535839035556,0,-13.4320910391927,-12.7917357987377
11,782.512108,845.012108,0.229877311858889,-0.266948104538889,-0.286792497795556,-1.01169753695333,-0.0704763939933333,-0.196785869805556,0.923279158555556,0,-32.0938380266258,-30.2856607377223
12,723.633046,786.133046,0.10335839654,-0.505429889463333,-0.28682740438,-1.04512059155889,-0.445233484588889,-0.00511381462111111,1.42274002207889,0,-16.8808786142347,-15.9746116780241
13,777.25837,839.75837,0.10335839654,-0.251973179812222,-0.223751206288889,-1.30559352468333,-0.0478743805655556,0.0924500889011111,1.06440647946444,0,-26.0519231187885,-24.7186669395796
14,894.823472,957.323472,0.170658291348889,0.0703542209477778,-0.223751206288889,-1.59397427207111,-0.46212827146,0.172124367895556,1.45291676433111,0,-19.2503918962501,-18.2205198895778
15,921.193936,983.693936,0.453820504362222,0.158074467656667,-0.461325420017778,-1.72072008018889,-0.171583315836667,0.0621686268955556,0.395735947846667,0,-15.1547163750538,-14.3674318911888
16,904.225451,966.725451,0.628039267324444,0.158074467656667,-0.654376285287778,-1.74206545657667,-0.229877311858889,0.134250723773333,-0.108960903343333,0,-14.3828674976557,-13.6478634194178
17,879.174563,941.674563,-0.284296677007778,0.158039561072222,-0.15330971888,-1.40415226586222,0.853308910036667,-0.406330096225556,-0.108960903343333,0,-46.8258573576266,-44.242168585127
18,760.363585,822.863585,-0.445722176771111,-0.117844629084444,-0.153327172172222,-1.08651980071,1.31824716154444,-0.771627502436667,-1.05897850558333,0,-49.3722391690371,-46.68610111751
19,710.560118,773.060118,-0.51553534566,-0.38248889905,0.21472785421,-1.08651980071,1.31822970825222,-0.582992320098889,-1.25408885933556,0,-85.458997771478,-80.8822047919058
20,815.768232,878.268232,-0.350462107822222,-0.107477373504444,0.189298407442222,-1.40415226586222,1.53440618571667,-0.0903906004188889,-1.45302148408444,0,-97.6991751636508,-92.3874816486238
21,791.580684,854.080684,-0.558208645143333,-0.182631249813333,0.301156557294444,-1.44158957767889,1.47569331068111,-0.116937057888889,-1.51567880316222,0,-97.6044202501383,-92.3935760721274
22,774.598161,837.098161,-0.743283355867778,-0.240401647068889,0.371109352521111,-1.42612596077,1.36538850383667,-0.228655581403333,-1.60565052456778,0,-89.3717136259946,-84.6462706954839
23,745.834211,808.334211,-0.859452468898889,-0.349100751028889,0.493195131615556,-1.34008123011444,1.42387448607333,-0.275639844065556,-1.63235406166778,0,-86.9356743823607,-82.2847865748824
24,743.198568,805.698568,-0.892700990582222,-0.452022815263333,0.680556223621111,-1.31618767306222,1.36284032317222,-0.251711380428889,-1.75655168912111,0,-95.6945858663708,-90.4254510594455
25,711.051449,773.551449,-0.943158458396667,-0.570164150315556,0.69083621274,-1.21206133166444,1.35353771841778,-0.215286359561111,-1.80554308038889,0,-82.5741479690212,-77.9758615333587
26,727.461922,789.961922,-0.98064813009,-0.404759299925556,0.69083621274,-1.23712425929556,1.31878821360333,-0.271067081503333,-1.84193319467222,0,-77.1814586907992,-72.939810869259
27,747.866217,810.366217,-1.01342541288333,-0.3125884637,0.690818759447778,-1.26560803220222,1.25857435543667,-0.257278980647778,-1.88584567790333,0,-72.0371636071637,-68.1041954095312
28,795.12529,857.62529,-1.04724989321,-0.189228594273333,0.690801306155555,-1.38982311294778,1.34964563425222,-0.31133182666,-1.95792777478111,0,-80.1377335305581,-75.8165840022877
29,819.898926,882.398926,-1.10790008368222,-0.107791532764444,0.662492066171111,-1.44738407069667,1.30723413415222,-0.366274790575556,-2.01491277388667,0,-77.7070229901803,-73.5768441042305
30,836.572612,899.072612,-1.17038286983778,-0.05152211864,0.66680302935,-1.47707212076667,1.22813581380111,-0.383326657076667,-2.07018735035444,0,-75.1136670937196,-71.1550709733362
31,859.384432,921.884432,-1.19284525692778,-0.0656069254633333,0.959337660286667,-1.47707212076667,1.22813581380111,-0.0900764411588889,-2.00740785823111,0,-79.0490219534097,-74.7619666142687
32,853.572682,916.072682,-1.24190646136444,-0.0866032360066667,0.965673205363333,-1.50215250169,1.22813581380111,-0.124354707083333,-1.95340737209556,0,-81.2626645133588,-76.8533365878772
33,916.466625,978.966625,-1.1513936879,0.0419228079177778,0.965673205363333,-1.56753253435444,1.32285483069111,-0.0918217703811111,-1.88300079127111,0,-86.9349372865765,-82.2424784190078
34,934.93367,997.43367,-1.11547481250667,0.0553967495133333,0.983981708904444,-1.57926114672778,1.46146887752,-0.0710174460522222,-1.79686879415444,0,-94.9472954720622,-89.8154323530819
35,961.928827,1024.428827,-1.00153972088,0.0715934046955556,0.988746457681111,-1.57922624014333,1.47831130451444,0.0940732450777778,-1.74370606604556,0,-95.4851779735164,-90.3123605130727
36,927.518074,990.018074,-0.957906490324444,-0.0275936550033333,0.975796114852222,-1.57678277923222,1.41577615848222,0.175178694034444,-1.68307332886556,0,-98.090177395058,-92.7677055768985
37,935.491682,997.991682,-0.840986885727778,-0.04932300382,0.950139775285556,-1.56220928022667,1.37305049912222,0.243106907363333,-1.62046836966444,0,-97.8902400996294,-92.5762238993871
38,919.379518,981.879518,-0.818000899871111,-0.0911236386922222,0.934536532038889,-1.56220928022667,1.35702837686222,0.287944415082222,-1.55948656664,0,-99.6457897498113,-94.2324704294826
39,898.385625,960.885625,-0.788243036632222,-0.149120928746667,0.934536532038889,-1.53028720875222,1.27292096164333,0.314037086954444,-1.43923338322889,0,-97.3772910295633,-92.0790862969704
40,876.517863,939.017863,-0.726598008503333,-0.185109617308889,0.886138552706667,-1.47934104875556,1.26302494495333,0.336185314784444,-1.35037867252556,0,-97.1838761016245,-91.8804699128571
41,867.400154,929.900154,-0.63507294409,-0.239145010028889,0.845507288413333,-1.46010752072667,1.18197185587333,0.3361504082,-1.28639490323889,0,-97.5130468367069,-92.1664555399868
42,859.693269,922.193269,-0.593935534322222,-0.270246776768889,0.824772777253333,-1.44446937089556,1.06711173975889,0.329832316415556,-1.21583124278444,0,-91.9313514724721,-86.8721460996263
43,858.201727,920.701727,-0.549063120018889,-0.288572733602222,0.807005325771111,-1.44968790527,1.00345958302444,0.402211119261111,-1.13439418127556,0,-88.9247894067231,-84.0411755350114
44,843.388082,905.888082,-0.523336967283333,-0.320529711661111,0.772727059846667,-1.43741824083778,0.994837656666667,0.42537163804,-1.07421522969333,0,-90.6228430262949,-85.651388949792
45,848.7085,911.2085,-0.457764948404444,-0.344405815421111,0.738797859766667,-1.44532458221444,0.967540707631111,0.458637613015556,-1.02892393637667,0,-91.7912834787406,-86.75947538155
46,846.357128,908.857128,-0.416243566207778,-0.368089932966667,0.722479031538889,-1.43080344308556,0.92268574662,0.485620402791111,-0.952897395456667,0,-90.6356080357924,-85.6846774285639
47,835.821576,898.321576,-0.350427201237778,-0.450539285424444,0.702163399392222,-1.39198732118333,0.874479753502222,0.532709385206667,-0.842819481411111,0,-94.0304440578079,-88.8970777107534
48,825.117569,887.617569,-0.289794464057778,-0.509164893998889,0.668042213097778,-1.34428747354,0.834284821514444,0.590985927936667,-0.759375291296667,0,-94.7847703151521,-89.6098294935536
49,817.684425,880.184425,-0.17451546893,-0.59973002734,0.495603685942222,-1.31196397634444,0.766758033906667,0.650955440012222,-0.626241578225556,0,-93.0056980754546,-88.0455203368714
50,927.816382,990.316382,0.0698131688888889,-0.658669795174444,0.365471939133333,-1.38348756787111,0.674115958791111,0.738954939396667,-0.26609289322,0,-83.3428012225808,-78.8412206839797
51,835.126693,897.626693,-0.719319985646667,-0.316864520294444,0.766408968062222,-1.54020067873444,1.09301242541667,0.255969983731111,-1.37219528780333,0,-98.3927851917683,-93.0232043364153
52,830.602934,893.102934,-0.681114728972222,-0.351893277784444,0.748519343534444,-1.52629040483333,0.979304226588889,0.231587734496667,-1.29185778370444,0,-93.5684385754794,-88.425343134715
53,831.785639,894.285639,-0.641181596367778,-0.369695635851111,0.732357594936667,-1.54468617483556,0.913959100508889,0.323042985741111,-1.22639048457889,0,-90.979183812874,-86.0314448380809
54,815.533095,878.033095,-0.61748002553,-0.406958414745556,0.682650618687778,-1.52028647230889,0.914220899892222,0.334998490913333,-1.16031232022556,0,-92.4609918131638,-87.4566812997332
55,823.422475,885.922475,-0.548975853557778,-0.446141055784444,0.660135871721111,-1.52269502663556,0.886958857441111,0.368561171856667,-1.10346694745778,0,-94.0613273954357,-88.9758715758614
56,822.215203,884.715203,-0.496144738001111,-0.455286580908889,0.626939709914444,-1.50614930560889,0.830427643933333,0.385735211403333,-1.03819163454667,0,-90.1361960057946,-85.2596379980453
57,826.633677,889.133677,-0.446141055784444,-0.5246459642,0.621965521631111,-1.49363529508556,0.798680105381111,0.441341400423333,-0.930400101782222,0,-91.9774997926958,-86.9987379880176
58,823.678669,886.178669,-0.371563138118889,-0.605995759247778,0.592626537405555,-1.43654557622667,0.739722884254444,0.490385151567778,-0.8419468168,0,-91.8869023181734,-86.9249518371006
59,825.419387,887.919387,-0.271014721626667,-0.68439594791,0.406714068654444,-1.40718913870889,0.674081052206667,0.561943649678889,-0.705950763804444,0,-84.1036515256145,-79.6967361856108
60,930.037903,992.537903,-0.0186401160933333,-0.741468213476667,0.272550611342222,-1.47119036128778,0.582992320098889,0.67041586084,-0.355366482936667,0,-70.7914678058202,-67.0602893793605
61,933.122763,995.622763,0,-0.523598766666667,0,-1.57081375329222,1.74532922222222e-05,-1.74532922222222e-05,0,0,-6.6789801952013,-6.3080819029987
62,890.868253,953.368253,-1.74532922222222e-05,-0.349048391152222,0,-1.5707963,1.74532922222222e-05,1.74532922222222e-05,1.74532922222222e-05,0,-12.5044084514817,-11.8445116569659
63,879.448305,941.948305,-1.74532922222222e-05,-0.17451546893,-1.74532922222222e-05,-1.57077884670778,1.74532922222222e-05,1.74532922222222e-05,1.74532922222222e-05,0,-17.2411522653042,-16.3528702143989
64,951.730189,1014.230189,0,0.174532922222222,0,-1.57077884670778,1.74532922222222e-05,-3.49065844444444e-05,0,0,-20.4417436046831,-19.3749472582567
65,1026.451183,1088.951183,0,0.349048391152222,0,-1.5707963,3.49065844444444e-05,-1.74532922222222e-05,0,0,-19.7796513168913,-18.7575281749668
66,806.850565,869.350565,0,1.74532922222222e-05,-0.523598766666667,-1.57081375329222,1.74532922222222e-05,1.74532922222222e-05,0,0,-42.5044432226055,-40.0985716043051
67,818.958377,881.458377,0,1.74532922222222e-05,-0.349065844444444,-1.57077884670778,1.74532922222222e-05,-1.74532922222222e-05,0,0,-35.2722791183117,-33.3359513075701
68,851.277462,913.777462,0,1.74532922222222e-05,-0.174532922222222,-1.5707963,1.74532922222222e-05,1.74532922222222e-05,0,0,-27.4130251916608,-25.9509566719285
69,963.613392,1026.113392,0,1.74532922222222e-05,0.17451546893,-1.5707963,1.74532922222222e-05,1.74532922222222e-05,1.74532922222222e-05,0,-12.9633900537449,-12.3040685076605
70,1035.923352,1098.423352,-1.74532922222222e-05,1.74532922222222e-05,0.349048391152222,-1.5707963,3.49065844444444e-05,-1.74532922222222e-05,0,0,-7.10322893265025,-6.72878849357161
71,1074.443743,1136.943743,0,1.74532922222222e-05,0.436297398971111,-1.5707963,3.49065844444444e-05,-1.74532922222222e-05,0,0,-4.58695519174723,-4.32345618227714
72,980.223907,1042.723907,0,1.74532922222222e-05,-1.74532922222222e-05,-1.88495556,1.74532922222222e-05,1.74532922222222e-05,0,0.00140380430967923,-11.2678610691979,-10.7242004986647
73,939.183688,1001.683688,0,1.74532922222222e-05,0,-1.74532922222222,1.74532922222222e-05,1.74532922222222e-05,0,0,-15.1972504560298,-14.4203688360196
74,879.743104,942.243104,0,1.74532922222222e-05,1.74532922222222e-05,-1.39624592448556,1.74532922222222e-05,-1.74532922222222e-05,1.74532922222222e-05,0,-23.30780642831,-22.1024087035878
75,877.423317,939.923317,0,1.74532922222222e-05,1.74532922222222e-05,-1.22171300226333,3.49065844444444e-05,1.74532922222222e-05,0,0,-25.8252317213581,-24.5311840297656
76,894.297045,956.797045,0,1.74532922222222e-05,0,-1.04718008004111,1.74532922222222e-05,1.74532922222222e-05,0,0,-26.8466185606042,-25.5615544061137
77,901.498561,963.998561,0,0,0,-1.57081375329222,-0.785380696707778,1.74532922222222e-05,0,0,-16.0808717546115,-15.2053747522811
78,901.273952,963.773952,-1.74532922222222e-05,0,0,-1.5707963,-0.523581313374444,-1.74532922222222e-05,0,0,-12.5819029429678,-11.9289253751507
79,900.975644,963.475644,0,1.74532922222222e-05,0,-1.5707963,-0.261764476748889,1.74532922222222e-05,1.74532922222222e-05,0,-13.9127795049981,-13.2078107494382
80,900.543974,963.043974,0,1.74532922222222e-05,-1.74532922222222e-05,-1.57081375329222,0.261781930041111,-1.74532922222222e-05,0,0,-29.8957469913435,-28.3084798739825
81,900.452727,962.952727,-1.74532922222222e-05,1.74532922222222e-05,1.74532922222222e-05,-1.5707963,0.523598766666667,1.74532922222222e-05,0,0,-43.2720084994302,-40.9347348489684
82,900.445708,962.945708,0,1.74532922222222e-05,0,-1.57081375329222,0.785415603292222,1.74532922222222e-05,1.74532922222222e-05,0,-58.9602061922937,-55.7467223630753
