build,HE3-V3-V1-ANALYTIC-20260819-R5
status,1
iterations,6
active_count,7
rank,7
condition,398.16691352931
mae_before_mm,50.2507491352959
mae_after_mm,6.76996600954557
max_before_mm,161.34735968269
max_after_mm,27.0022316788812
result_slot,value_before_gui_unit_conversion
0,0
1,0
2,6e-07
3,-0.0860561364223067
4,0.404794520955761
5,-0.0179109683896741
6,-0
7,-1.51552987350577
8,-15.4917619518069
9,-10.0975931847178
10,40.6307440012495
11,-0
point,rope_raw_mm,rope_with_fixed_offset_mm,q1_rad,q2_rad,q3_rad,q4_rad,q5_rad,q6_rad,q7_rad,sample_std_mm,residual_before_mm,residual_after_mm
1,849.301607,911.801607,0,0,0,-1.5707963,0,0,0,0,68.9782708833532,0.570175935385553
2,796.595775,859.095775,-0.211184835888889,-0.0486248721311111,0.0884532849822222,-1.48073731213333,-0.309080351963333,-0.0693419299988889,-0.0878249664622222,0,53.9192484175532,-1.12058623314215
3,941.952692,1004.452692,-0.0839328822966667,0.159627810664444,0.134756869247778,-1.75759888665444,-0.68408178865,-0.0509636132888889,0.282498987908889,0,76.2538737516731,1.77114270673351
4,1038.257177,1100.757177,-0.00417133684111111,0.402979064118889,0.101543254148889,-1.91371858558222,-0.849940424637778,-0.130445906068889,0.485794935713333,0,63.5108545401479,-5.98990549187195
5,962.743034,1025.243034,-0.191288082755556,0.317894264535556,0.121928699464444,-1.73040665737222,-0.474048870047778,-0.185580856198889,0.773582271165556,0,43.6991730364479,-6.89944624019678
6,941.692988,1004.192988,-0.290876568175556,0.253247270144444,0.217607647426667,-1.70005538219778,-0.396695878918889,-0.0412421295211111,1.20492293514556,0,46.4867724359467,-7.20122209342589
7,969.319857,1031.819857,-0.200712860555556,0.265866000421111,0.188547915876667,-1.80990640344444,-0.256720475296667,0.0278205478022222,0.782082024477778,0,72.5545769692152,-7.73342707820834
8,889.941742,952.441742,-0.123743841855556,0.101578160733333,0.121946152756667,-1.62961389478889,-0.426069769728889,0.11482520953,1.20528945428222,0,64.4132937719803,-2.06517908446036
9,921.193936,983.693936,0.00804596771444444,0.172700326538889,-0.0494451768655556,-1.85160231856333,-0.258361084765556,0.131353477264444,0.837897653004445,0,83.7618669341763,-8.39586319263608
10,885.818067,948.318067,0.117041777642222,-0.00422369671777778,-0.00905825866333333,-1.63263331434333,-0.0704589407011111,0.145944429562222,0.498535839035556,0,85.2646812480329,0.0427095710548997
11,729.423738,791.923738,0.229912218443333,-0.266965557831111,-0.286809951087778,-1.01168008366111,-0.0704589407011111,-0.196785869805556,0.923279158555556,0,25.7240525180895,19.8265037560384
12,676.626658,739.126658,0.10335839654,-0.505447342755556,-0.286809951087778,-1.04513804485111,-0.445198578004444,-0.00504400145222222,1.42272256878667,0,47.8492922549567,-1.43679241251227
13,726.089703,788.589703,0.10335839654,-0.251973179812222,-0.223716299704444,-1.30557607139111,-0.0478918338577778,0.09251990207,1.06440647946444,0,44.9008454292414,-5.10458589993745
14,841.019162,903.519162,0.170658291348889,0.07037167424,-0.223751206288889,-1.59395681877889,-0.46212827146,0.172141821187778,1.45289931103889,0,55.7048889544244,-2.35013727529321
15,867.786201,930.286201,0.453837957654444,0.158057014364444,-0.461307966725556,-1.72072008018889,-0.171583315836667,0.0621860801877778,0.395735947846667,0,73.6575252299136,-4.19680354656249
16,850.438689,912.938689,0.628074173908889,0.158039561072222,-0.65439373858,-1.74208290986889,-0.229877311858889,0.134320536942222,-0.108960903343333,0,73.9243176191776,-5.52370345947528
17,824.299853,886.799853,-0.284261770423333,0.158057014364444,-0.15330971888,-1.40415226586222,0.853291456744444,-0.406312642933333,-0.108978356635556,0,17.3604652649415,3.53357559419887
18,705.516951,768.016951,-0.445722176771111,-0.117896988961111,-0.15330971888,-1.08650234741778,1.31826461483667,-0.771592595852222,-1.05897850558333,0,32.7773944787852,9.08603489144277
19,659.833649,722.333649,-0.51553534566,-0.382506352342222,0.214762760794444,-1.08650234741778,1.31826461483667,-0.583009773391111,-1.25408885933556,0.00167392995265134,0.914405951489727,25.46401282206
20,764.0591,826.5591,-0.350462107822222,-0.107494826796667,0.189298407442222,-1.40413481257,1.53438873242444,-0.0903556938344444,-1.45303893737667,0,-59.0519826672424,8.22996001359166
21,741.419246,803.919246,-0.558191191851111,-0.182631249813333,0.301156557294444,-1.44158957767889,1.47569331068111,-0.116902151304444,-1.51566134987,0,-50.3347350480617,9.92568670774996
22,724.857865,787.357865,-0.743318262452222,-0.240419100361111,0.371091899228889,-1.42612596077,1.36540595712889,-0.228603221526667,-1.60566797786,0,-27.4854946798057,9.48853104082736
23,696.227276,758.727276,-0.859435015606667,-0.349118204321111,0.4932300382,-1.34008123011444,1.42387448607333,-0.275604937481111,-1.63237151496,0,-23.6038474535001,1.47085462390006
24,694.591844,757.091844,-0.892700990582222,-0.452040268555556,0.680573676913333,-1.31618767306222,1.36282286988,-0.251676473844444,-1.75656914241333,0,-26.7900500385739,6.30764302227138
25,663.644978,726.144978,-0.943158458396667,-0.570181603607778,0.690818759447778,-1.21204387837222,1.35353771841778,-0.215268906268889,-1.80556053368111,0,-12.067347595031,-17.0177375295036
26,676.419597,738.919597,-0.98064813009,-0.404741846633333,0.69083621274,-1.23710680600333,1.31877076031111,-0.271084534795556,-1.84195064796444,0,-14.9660292239853,-8.51159925353928
27,695.546431,758.046431,-1.01340795959111,-0.312640823576667,0.69083621274,-1.26559057891,1.25853944885222,-0.257226620771111,-1.88586313119556,0,-12.5401316065233,-4.15365565771886
28,742.787955,805.287955,-1.04723243991778,-0.189263500857778,0.69083621274,-1.38980565965556,1.34964563425222,-0.311296920075556,-1.95791032148889,0,-21.8879225471051,8.58759446255664
29,767.133432,829.633432,-1.10786517709778,-0.107808986056667,0.662492066171111,-1.44736661740444,1.30723413415222,-0.366292243867778,-2.01493022717889,0,-17.0704295761809,13.2619755057324
30,783.385976,845.885976,-1.17038286983778,-0.0515395719322222,0.666820482642222,-1.47707212076667,1.22813581380111,-0.3832742972,-2.07020480364667,0,-13.4851300108542,16.3741555511565
31,806.682109,869.182109,-1.19281035034333,-0.0656243787555555,0.959320206994445,-1.47707212076667,1.22813581380111,-0.0900415345744444,-2.00740785823111,0,-31.2022863527558,7.32972592755099
32,801.312557,863.812557,-1.24190646136444,-0.0865857827144444,0.965690658655555,-1.50215250169,1.22813581380111,-0.124354707083333,-1.95340737209556,0,-30.1763725944241,10.3268715737248
33,864.70485,927.20485,-1.1513936879,0.0419053546255556,0.965690658655555,-1.56749762777,1.32287228398333,-0.0917519572122222,-1.88300079127111,0,-38.226782247112,9.68076064965651
34,883.470204,945.970204,-1.11543990592222,0.0553618429288889,0.983964255612222,-1.57924369343556,1.46146887752,-0.0709650861755556,-1.79686879415444,0,-50.0852237513337,10.1584020715769
35,910.640837,973.140837,-1.00153972088,0.0715759514033333,0.988746457681111,-1.57922624014333,1.47829385122222,0.0941430582466667,-1.74375842592222,0,-57.8964575212515,-0.475865650969354
36,876.90391,939.40391,-0.957889037032222,-0.0276111082955556,0.975813568144444,-1.57674787264778,1.41577615848222,0.17530086708,-1.68309078215778,0,-61.1819952258092,-0.376905112422388
37,885.060013,947.560013,-0.840986885727778,-0.0493579104044444,0.950157228577778,-1.56217437364222,1.37303304583,0.24315926724,-1.62048582295667,0.00160825987750258,-60.1909072643262,-3.91346895601075
38,869.330385,931.830385,-0.818000899871111,-0.0911410919844445,0.934553985331111,-1.56217437364222,1.35702837686222,0.287961868374444,-1.55948656664,0,-63.3037521082745,-3.6106790566578
39,848.466344,910.966344,-0.78822558334,-0.149138382038889,0.934536532038889,-1.53028720875222,1.27292096164333,0.314089446831111,-1.43925083652111,0,-59.3980654629661,-3.72971306847159
40,826.584544,889.084544,-0.726598008503333,-0.185127070601111,0.886138552706667,-1.47934104875556,1.26302494495333,0.336202768076667,-1.35037867252556,0,-62.2853368144631,-3.45015243654745
41,817.979224,880.479224,-0.63507294409,-0.239162463321111,0.845507288413333,-1.46010752072667,1.18197185587333,0.336185314784444,-1.28639490323889,0,-57.0228041464106,-0.000599367335873957
42,810.479399,872.979399,-0.593900627737778,-0.270264230061111,0.824807683837778,-1.44445191760333,1.06712919305111,0.329849769707778,-1.21584869607667,0,-45.6282289532802,0.689998039884454
43,809.096652,871.596652,-0.549063120018889,-0.288572733602222,0.807022779063333,-1.44965299868556,1.00345958302444,0.402246025845556,-1.13442908786,0,-44.165992620546,-3.50071207411162
44,794.640977,857.140977,-0.523371873867778,-0.320547164953333,0.772744513138889,-1.43738333425333,0.994837656666667,0.425389091332222,-1.07423268298556,0,-47.526339691664,-3.36023338898483
45,800.340423,862.840423,-0.457764948404444,-0.344423268713333,0.738832766351111,-1.44528967563,0.967558160923333,0.458707426184444,-1.02894138966889,0,-47.2757424063233,-3.00402513361686
46,798.097845,860.597845,-0.416243566207778,-0.368107386258889,0.722496484831111,-1.43078598979333,0.92268574662,0.485655309375556,-0.952897395456667,0,-45.9334498242235,-3.69011138437281
47,788.558995,851.058995,-0.350392294653333,-0.450556738716667,0.702180852684444,-1.39196986789111,0.874479753502222,0.532726838498889,-0.842819481411111,0,-49.3864031190562,-0.126817711943228
48,778.318242,840.818242,-0.289777010765556,-0.509147440706667,0.66805966639,-1.34427002024778,0.83424991493,0.591020834521111,-0.759410197881111,0.00140380430967923,-54.5539426043334,-0.130196548953077
49,773.194357,835.694357,-0.17451546893,-0.59973002734,0.495638592526667,-1.31192906976,0.766758033906667,0.650955440012222,-0.62627648481,0,-52.2906350364617,-9.21424986479191
50,884.175616,946.675616,0.0698480754733333,-0.658704701758889,0.365471939133333,-1.38348756787111,0.674133412083333,0.738972392688889,-0.266110346512222,0,-26.4515223132689,-13.9260606827538
51,787.920264,850.420264,-0.719302532354444,-0.316881973586667,0.766426421354444,-1.54021813202667,1.09302987870889,0.256022343607778,-1.37219528780333,0.00105285323225942,-40.7640738787662,6.70457712172634
52,783.793079,846.293079,-0.68109727568,-0.351910731076667,0.748536796826667,-1.52627295154111,0.979304226588889,0.231587734496667,-1.29185778370444,0,-27.6756544041098,7.99149857397463
53,785.333754,847.833754,-0.641164143075555,-0.369695635851111,0.732375048228889,-1.54466872154333,0.913941647216667,0.323060439033333,-1.22642539116333,0,-26.6752570525742,1.34878845625508
54,769.765565,832.265565,-0.61748002553,-0.406975868037778,0.68266807198,-1.52026901901667,0.914220899892222,0.33505085079,-1.16031232022556,0,-27.967509587376,1.26711017381742
55,778.518285,841.018285,-0.548975853557778,-0.446141055784444,0.660135871721111,-1.52269502663556,0.886976310733333,0.368543718564444,-1.10348440075,0,-26.1399622604703,2.5386429530283
56,777.286446,839.786446,-0.496127284708889,-0.455304034201111,0.626939709914444,-1.50613185231667,0.830427643933333,0.385770117987778,-1.03820908783889,0,-22.1842954908875,-0.0459934642609294
57,782.85604,845.35604,-0.446123602492222,-0.524663417492222,0.621982974923333,-1.49361784179333,0.798680105381111,0.441358853715556,-0.930417555074444,0,-21.5170455607021,0.757981981761358
58,781.164456,843.664456,-0.371563138118889,-0.60601321254,0.592626537405555,-1.43652812293444,0.739722884254444,0.49040260486,-0.8419468168,0,-21.1419413631511,0.141572797434764
59,785.611006,848.111006,-0.270997268334444,-0.684413401202222,0.406748975238889,-1.40720659200111,0.674081052206667,0.562013462847778,-0.705968217096667,0,-10.47114517623,-16.591411850485
60,890.713834,953.213834,-0.0186226628011111,-0.741485666768889,0.272585517926667,-1.47119036128778,0.583009773391111,0.670450767424444,-0.355383936228889,0,14.012982523677,-26.4785489050682
61,849.196322,911.696322,0,0,0,-1.5707963,0,1.74532922222222e-05,-1.39626337777778,0,nan,nan
62,849.21387,911.71387,0,0,0,-1.5707963,0,1.74532922222222e-05,-1.04718008004111,0,nan,nan
63,849.238436,911.738436,0,0,0,-1.5707963,0,0,-0.698096782304444,0,nan,nan
64,849.245455,911.745455,0,0,0,-1.57076139341556,0,0,-0.349083297736667,0.00076488014029983,nan,nan
65,849.248965,911.748965,0,0,0,-1.5707963,0,1.74532922222222e-05,0,0,nan,nan
66,849.248965,911.748965,0,0,0,-1.5707963,0,0,0.349048391152222,0,nan,nan
67,849.248965,911.748965,0,0,0,-1.57077884670778,0,1.74532922222222e-05,0.698131688888889,0,nan,nan
68,849.241946,911.741946,0,0,0,-1.5707963,0,1.74532922222222e-05,1.04718008004111,0.00175475538709904,nan,nan
69,849.206851,911.706851,0,0,0,-1.5707963,1.74532922222222e-05,1.74532922222222e-05,1.39626337777778,0,nan,nan
70,705.552046,768.052046,-0.445722176771111,-0.117879535668889,-0.15330971888,-1.08650234741778,1.31826461483667,-0.771592595852222,-1.05899595887556,0,nan,nan
71,659.840668,722.340668,-0.51553534566,-0.382506352342222,0.21472785421,-1.08651980071,1.31826461483667,-0.582939960222222,-1.25408885933556,0.00140380430967923,nan,nan
72,764.087176,826.587176,-0.350479561114444,-0.107477373504444,0.189315860734444,-1.40413481257,1.53437127913222,-0.09032078725,-1.45303893737667,0,nan,nan
73,705.566084,768.066084,-0.445722176771111,-0.117896988961111,-0.15330971888,-1.08650234741778,1.31826461483667,-0.771610049144444,-1.05899595887556,0,nan,nan
74,659.823121,722.323121,-0.515517892367778,-0.382506352342222,0.214762760794444,-1.08650234741778,1.31824716154444,-0.582939960222222,-1.25408885933556,0,nan,nan
75,764.076648,826.576648,-0.350462107822222,-0.107477373504444,0.189315860734444,-1.40413481257,1.53438873242444,-0.0903556938344444,-1.45302148408444,0,nan,nan
76,705.576613,768.076613,-0.445687270186667,-0.117879535668889,-0.153274812295556,-1.08650234741778,1.31826461483667,-0.771592595852222,-1.05901341216778,0.00151966274265536,nan,nan
77,659.809083,722.309083,-0.51553534566,-0.382506352342222,0.214762760794444,-1.08650234741778,1.31826461483667,-0.582939960222222,-1.25408885933556,0.00125314600065678,nan,nan
78,764.055591,826.555591,-0.350462107822222,-0.107494826796667,0.189315860734444,-1.40411735927778,1.53437127913222,-0.0903556938344444,-1.45303893737667,0,nan,nan
79,892.486137,954.986137,0,-0.523598766666667,0,-1.5707963,0,1.74532922222222e-05,0,0,161.34735968269,23.6167192747728
80,846.746684,909.246684,0,-0.349083297736667,0,-1.5707963,0,1.74532922222222e-05,0,0,123.9573548314,16.9932497451644
81,831.571559,894.071559,0,-0.17451546893,0,-1.5707963,0,0,0,0,91.707048503155,8.84933461124426
82,897.792518,960.292518,0,0.174498015637778,0,-1.5707963,1.74532922222222e-05,0,0,0,57.887802198369,-6.58081857382342
83,971.169369,1033.669369,0,0.34903093786,0,-1.5707963,0,-1.74532922222222e-05,0,0,57.6491393991421,-12.2688087976139
84,755.032638,817.532638,0,0,-0.523563860082222,-1.57077884670778,1.74532922222222e-05,1.74532922222222e-05,0,0,25.2682652690164,-2.10390505513569
85,766.936899,829.436899,0,0,-0.349083297736667,-1.57081375329222,0,0,0,0,32.8358444805561,-6.72995227008799
86,799.42795,861.92795,-1.74532922222222e-05,0,-0.17451546893,-1.5707963,0,0,0,0,48.0411587829531,-5.57484038272626
87,912.276269,974.776269,0,0,0.17451546893,-1.5707963,0,-5.23598766666667e-05,0,0,93.3395817563911,10.3342949929277
88,984.64589,1047.14589,0,0,0.349048391152222,-1.57077884670778,0,5.23598766666667e-05,0,0,119.709925980845,22.959374289752
89,1036.421703,1098.921703,0,0,0.480733480968889,-1.5707963,0,1.74532922222222e-05,0,0,133.311354488337,27.0022316788812
90,931.160946,993.660946,0,0,0,-1.88495556,0,1.74532922222222e-05,0,0,115.299709189595,8.86421176228591
91,888.629185,951.129185,0,0,0,-1.74531176893,0,1.74532922222222e-05,0,0,92.360036451311,3.475616641616
92,825.236892,887.736892,0,0,0,-1.39626337777778,1.74532922222222e-05,0,0,0,50.4366048155969,-0.496518852922678
93,820.976346,883.476346,0,0,0,-1.22171300226333,1.74532922222222e-05,1.74532922222222e-05,0,0,40.9012830823764,3.04449670171092
94,836.36906,898.86906,0,0,0,-1.04718008004111,0,1.74532922222222e-05,0,0,40.5768879267395,10.4044374635678
95,848.771671,911.271671,0,0,0,-1.5707963,-0.785363243415556,0,0,0,53.6933316406083,4.15636187737256
96,848.687443,911.187443,0,0,0,-1.5707963,-0.523563860082222,1.74532922222222e-05,0,0,66.4282604375794,1.97628812053896
97,848.473363,910.973363,-1.74532922222222e-05,0,0,-1.5707963,-0.261781930041111,0,0,0,71.297019734045,0.363501313702552
98,848.161016,910.661016,0,0,0,-1.5707963,0.261799383333333,0,0,0,56.7703787095835,-0.362249295946859
99,848.038183,910.538183,0,-1.74532922222222e-05,0,-1.57077884670778,0.523598766666667,1.74532922222222e-05,0,0,38.6979733387566,0.542458374707788
100,847.967993,910.467993,-1.74532922222222e-05,0,0,-1.5707963,0.78539815,1.74532922222222e-05,0,0,15.3741009025801,2.23466707490183
