build,HE3-V3-V1-ANALYTIC-20260821-R6.1
status,1
iterations,2
active_count,13
rank,13
condition,40527.0507670321
mae_before_mm,48.237333533482
mae_after_mm,47.3717034446039
max_before_mm,150.412562471487
max_after_mm,148.624259193942
terminal_structure_d7_mm,92.7026
tool_offset_mm,49
terminal_effective_mm,141.7026
q6_sensitivity_rms_mm_per_deg,0
alpha6_sensitivity_rms_mm_per_deg,1.6680575695686
q7_sensitivity_rms_mm_per_deg,0
q6_alpha6_column_cosine,0
q6_candidate_active,0
iteration,mae_mm,max_mm,step_scale,d1_mm,d2_mm,d3_mm,d4_mm,d5_mm,d6_mm,d7_mm,alpha1_deg,alpha2_deg,alpha3_deg,alpha4_deg,alpha5_deg,alpha6_deg,alpha7_deg,q0_1_deg,q0_2_deg,q0_3_deg,q0_4_deg,q0_5_deg,q0_6_deg,q0_7_deg
0,48.237333533482,150.412562471487,0,0.0006,50.5064,491.1552,-118.6827,317.8316,-0.7692,141.7026,90,-90,90,-90,90,-90,0,0,0,0,0,0,0,0
1,47.5431296383677,148.971596087935,0.015625,0.0006,45.8134878334582,487.676962103104,-122.983157867512,318.575313310438,-0.7692,141.7026,90,-89.9618338014472,89.1978218254698,-89.7769873974926,89.9280624371211,-89.8353556207257,0,0,-0.0710823298528039,-0.340465815603379,-0.0441220267065058,-0.872381904654392,0,0
2,47.3717034446039,148.624259193942,0.00390625,0.0006,44.6910268136108,486.840440589803,-124.083713545864,318.649333029943,-0.7692,141.7026,90,-89.9537614992834,89.004496267152,-89.7295197723161,89.9021065265707,-89.7452004258566,0,0,-0.0861691017483031,-0.42364458701216,-0.0577751760807683,-1.09636799165603,0,0
result_slot,value_before_gui_unit_conversion
0,0
1,0
2,6e-07
3,-0.124083713545864
4,0.318649333029943
5,0.1417026
6,-0
7,0.0861691017483031
8,0.42364458701216
9,0.0577751760807683
10,1.09636799165603
11,-0
point,rope_raw_mm,rope_with_fixed_offset_mm,q1_rad,q2_rad,q3_rad,q4_rad,q5_rad,q6_rad,q7_rad,sample_std_mm,residual_before_mm,residual_after_mm
1,911.212887,973.712887,0,1.74532922222222e-05,0,-1.5707963,0,1.74532922222222e-05,0,0,59.3590073002687,58.3076837580552
2,858.419316,920.919316,-0.211167382596667,-0.0486074188388889,0.0884532849822222,-1.48077221871778,-0.309080351963333,-0.0693593832911111,-0.0878598730466667,0,42.6938232706791,41.5204103078451
3,1004.334246,1066.834246,-0.0839503355888889,0.159645263956667,0.134756869247778,-1.75759888665444,-0.684064335357778,-0.0510159731655556,0.282464081324444,0,64.897113499381,63.5107076826871
4,1101.681056,1164.181056,-0.00417133684111111,0.403013970703333,0.101560707441111,-1.91373603887444,-0.849940424637778,-0.130445906068889,0.485794935713333,0,52.7750035466403,51.4978406005038
5,1026.956552,1089.456552,-0.191288082755556,0.317911717827778,0.121928699464444,-1.73040665737222,-0.474048870047778,-0.185615762783333,0.773564817873333,0,33.800685406606,33.0268028174867
6,1006.004773,1068.504773,-0.290859114883333,0.253247270144444,0.217625100718889,-1.70009028878222,-0.396695878918889,-0.0412246762288889,1.20490548185333,0,36.9052063271755,35.807454577478
7,1032.603355,1095.103355,-0.200677953971111,0.265883453713333,0.188530462584444,-1.80992385673667,-0.256720475296667,0.0277856412177778,0.782082024477778,0,63.0048281291695,61.9408921492524
8,953.604268,1016.104268,-0.123743841855556,0.101595614025556,0.121911246172222,-1.62963134808111,-0.426069769728889,0.114807756237778,1.20528945428222,0,54.4784319873756,53.2811855942636
9,983.2105,1045.7105,0.00804596771444444,0.172717779831111,-0.0494277235733333,-1.85160231856333,-0.258361084765556,0.13131857068,0.83786274642,0,74.0125902552896,72.9968525598655
10,947.746894,1010.246894,0.117041777642222,-0.00418879013333333,-0.00905825866333333,-1.63265076763556,-0.0704763939933333,0.145996789438889,0.498518385743333,0,76.0807841981885,74.7559480446244
11,791.875483,854.375483,0.229912218443333,-0.266930651246667,-0.286775044503333,-1.01171499024556,-0.0704589407011111,-0.196785869805556,0.923261705263333,0,15.5672925520576,15.2184719561486
12,730.950376,793.450376,0.10335839654,-0.505394982878889,-0.286809951087778,-1.04513804485111,-0.445198578004444,-0.00509636132888889,1.42272256878667,0,34.1061247831196,33.3488495864783
13,786.067242,848.567242,0.103375849832222,-0.25195572652,-0.223751206288889,-1.30557607139111,-0.0478569272733333,0.09251990207,1.06438902617222,0,34.6911219164467,33.7508574293675
14,904.741349,967.241349,0.170675744641111,0.0703891275322222,-0.223716299704444,-1.59395681877889,-0.46212827146,0.17215927448,1.45286440445444,0,45.7457545742005,45.1356614509075
15,930.683653,993.183653,0.453837957654444,0.158074467656667,-0.461325420017778,-1.72072008018889,-0.171583315836667,0.0621686268955556,0.395718494554444,0,64.4334264778809,63.3962974099634
16,913.037833,975.537833,0.628074173908889,0.158074467656667,-0.654358831995555,-1.74204800328444,-0.229877311858889,0.134285630357778,-0.108978356635556,0,64.6043514301312,63.3576623426991
17,889.552186,952.052186,-0.284261770423333,0.158074467656667,-0.15330971888,-1.40416971915444,0.853308910036667,-0.406330096225556,-0.108978356635556,0,11.1843867142487,11.1671674674452
18,770.235839,832.735839,-0.445687270186667,-0.117844629084444,-0.15330971888,-1.08651980071,1.31826461483667,-0.771592595852222,-1.05901341216778,0,27.2694645464534,26.9264596603247
19,719.214571,781.714571,-0.515517892367778,-0.38248889905,0.214762760794444,-1.08651980071,1.31826461483667,-0.582939960222222,-1.25408885933556,0,-3.63189572514533,-3.4343983988564
20,826.177441,888.677441,-0.35044465453,-0.107477373504444,0.189298407442222,-1.40411735927778,1.53438873242444,-0.0903731471266667,-1.45303893737667,0,-63.7168381290938,-62.9019720317511
21,801.207272,863.707272,-0.558173738558889,-0.182596343228889,0.301191463878889,-1.44158957767889,1.47569331068111,-0.116902151304444,-1.51569625645444,0,-55.7369181123347,-55.2247989788356
22,782.99993,845.49993,-0.743265902575555,-0.240401647068889,0.371091899228889,-1.42612596077,1.36540595712889,-0.228655581403333,-1.60566797786,0,-33.5903819302096,-33.4348295385751
23,753.365621,815.865621,-0.859417562314444,-0.349083297736667,0.4932300382,-1.34008123011444,1.42387448607333,-0.275639844065556,-1.63238896825222,0,-29.5977470268274,-29.3558006698439
24,750.979154,813.479154,-0.892700990582222,-0.452005361971111,0.680573676913333,-1.31618767306222,1.36282286988,-0.251676473844444,-1.75656914241333,0,-32.658519749358,-31.9866338780526
25,717.207131,779.707131,-0.943158458396667,-0.570129243731111,0.69083621274,-1.21207878495667,1.35353771841778,-0.215216546392222,-1.80556053368111,0,-18.4643622148851,-18.1391347666925
26,735.196884,797.696884,-0.98064813009,-0.404724393341111,0.69083621274,-1.23712425929556,1.31878821360333,-0.271032174918889,-1.84196810125667,0,-20.4211749981754,-20.1119152180727
27,756.110058,818.610058,-1.01342541288333,-0.3125884637,0.69083621274,-1.26560803220222,1.25853944885222,-0.257278980647778,-1.88586313119556,0,-17.9339396585411,-17.7613310992042
28,804.042956,866.542956,-1.04723243991778,-0.189228594273333,0.69083621274,-1.38984056624,1.34964563425222,-0.311314373367778,-1.95792777478111,0,-27.3821340192946,-26.8169135312522
29,828.532323,891.032323,-1.10786517709778,-0.107774079472222,0.662492066171111,-1.44736661740444,1.30723413415222,-0.366292243867778,-2.01494768047111,0,-22.8519705147021,-22.4243705937528
30,845.009476,907.509476,-1.17034796325333,-0.0515046653477778,0.666820482642222,-1.47707212076667,1.22813581380111,-0.3832742972,-2.07020480364667,0,-19.4919985497416,-19.2386692865394
31,869.519899,932.019899,-1.19281035034333,-0.0655894721711111,0.959337660286667,-1.47707212076667,1.22813581380111,-0.0900415345744444,-2.00742531152333,0,-36.4662118737537,-35.6536140889578
32,863.409841,925.909841,-1.24190646136444,-0.0865857827144444,0.965690658655555,-1.50215250169,1.22813581380111,-0.124354707083333,-1.95342482538778,0,-35.7153802108713,-34.8804219764509
33,927.367165,989.867165,-1.15135878131556,0.04194026121,0.965690658655555,-1.56751508106222,1.32287228398333,-0.0917694105044444,-1.88300079127111,0,-43.4605538055403,-42.2830612331709
34,946.209728,1008.709728,-1.11543990592222,0.0554142028055555,0.98394680232,-1.57926114672778,1.46146887752,-0.0709476328833333,-1.79688624744667,0,-55.0905752810948,-53.7105985332673
35,973.710255,1036.210255,-1.00152226758778,0.07162831128,0.988746457681111,-1.57927860002,1.47829385122222,0.0941081516622222,-1.74375842592222,0,-62.7698370393761,-61.4408202948034
36,939.425844,1001.925844,-0.957889037032222,-0.0275587484188889,0.975831021436667,-1.57676532594,1.41577615848222,0.175265960495556,-1.68310823545,0,-66.1651802884806,-64.8937958567828
37,947.718818,1010.218818,-0.840951979143333,-0.0493055505277778,0.950139775285556,-1.56220928022667,1.37303304583,0.243141813947778,-1.62048582295667,0,-65.1004870513776,-63.9420609240153
38,931.568049,994.068049,-0.818000899871111,-0.0911061854,0.934553985331111,-1.56220928022667,1.35702837686222,0.287961868374444,-1.55953892651667,0,-68.2911533263575,-67.1447191738126
39,910.482909,972.982909,-0.78822558334,-0.149103475454444,0.934553985331111,-1.53030466204444,1.27292096164333,0.314054540246667,-1.43925083652111,0,-64.391528052075,-63.2817299149442
40,888.59058,951.09058,-0.726580555211111,-0.185092164016667,0.886138552706667,-1.47930614217111,1.26302494495333,0.336202768076667,-1.35041357911,0,-67.1776937399835,-66.0521371665435
41,879.479891,941.979891,-0.635038037505556,-0.239127556736667,0.845507288413333,-1.46009006743444,1.18198930916556,0.336202768076667,-1.28639490323889,0,-61.8249154594203,-60.7456392650766
42,871.534358,934.034358,-0.593883174445556,-0.270229323476667,0.824807683837778,-1.44448682418778,1.06709428646667,0.329814863123333,-1.21584869607667,0,-50.5463557895424,-49.5360706518166
43,869.916474,932.416474,-0.549028213434444,-0.28855528031,0.807022779063333,-1.44968790527,1.00345958302444,0.402211119261111,-1.13442908786,0,-48.9849410950436,-48.0357227481509
44,854.895768,917.395768,-0.523371873867778,-0.320512258368889,0.772744513138889,-1.43740078754556,0.994837656666667,0.425389091332222,-1.07425013627778,0,-52.2777152636873,-51.3152153036021
45,859.865235,922.365235,-0.45773004182,-0.344388362128889,0.738832766351111,-1.44528967563,0.967540707631111,0.4586725196,-1.02895884296111,0,-52.1338881938724,-51.2237577208294
46,857.412087,919.912087,-0.416243566207778,-0.368072479674444,0.722496484831111,-1.43078598979333,0.92268574662,0.485620402791111,-0.952914848748889,0,-50.6110343927851,-49.6977329971362
47,846.458904,908.958904,-0.350427201237778,-0.45050437884,0.702180852684444,-1.39198732118333,0.87446230021,0.532726838498889,-0.842819481411111,0,-53.9128587358633,-52.8573633476508
48,835.214431,897.714431,-0.289777010765556,-0.509129987414444,0.66805966639,-1.34428747354,0.83424991493,0.590985927936667,-0.759410197881111,0,-58.8236649714776,-57.6197914901958
49,826.496806,888.996806,-0.174498015637778,-0.59973002734,0.495621139234444,-1.31194652305222,0.766723127322222,0.650955440012222,-0.626293938102222,0,-56.6891585324587,-55.6807307975777
50,935.116165,997.616165,0.0698480754733333,-0.658669795174444,0.365471939133333,-1.38348756787111,0.674115958791111,0.738972392688889,-0.266127799804444,0,-31.3904673967403,-30.8964888482118
51,845.816663,908.316663,-0.719285079062222,-0.316864520294444,0.766426421354444,-1.54021813202667,1.09301242541667,0.256022343607778,-1.37221274109556,0.00140380430967923,-46.836569037649,-45.9849549735106
52,841.131466,903.631466,-0.68109727568,-0.351875824492222,0.748536796826667,-1.52630785812556,0.979321679881111,0.231587734496667,-1.29187523699667,0,-33.7724754515322,-33.0109875108635
53,842.1773,904.6773,-0.641164143075555,-0.369695635851111,0.732375048228889,-1.54468617483556,0.913941647216667,0.323060439033333,-1.22642539116333,0,-32.7627002016665,-32.0938338212221
54,825.556257,888.056257,-0.617445118945556,-0.406940961453333,0.682633165395556,-1.52028647230889,0.914220899892222,0.334998490913333,-1.16032977351778,0,-34.1778638199609,-33.5658853652256
55,833.259634,895.759634,-0.548975853557778,-0.446141055784444,0.660135871721111,-1.52271247992778,0.886976310733333,0.36850881198,-1.10350185404222,0,-32.4462687191933,-31.877337882939
56,831.978662,894.478662,-0.496092378124444,-0.455251674324444,0.626974616498889,-1.50613185231667,0.830427643933333,0.385717758111111,-1.03820908783889,0,-28.3188962161623,-27.8099115267869
57,835.933881,898.433881,-0.4461061492,-0.524628510907778,0.621982974923333,-1.49363529508556,0.798680105381111,0.441358853715556,-0.930452461658889,0,-27.6552872267208,-27.0983801717125
58,832.42437,894.92437,-0.371563138118889,-0.605978305955556,0.592643990697778,-1.43652812293444,0.739722884254444,0.49040260486,-0.841964270092222,0,-27.079598594974,-26.3773799505092
59,832.845511,895.345511,-0.270979815042222,-0.68439594791,0.406748975238889,-1.40720659200111,0.674098505498889,0.561961102971111,-0.705968217096667,0,-16.8381448005555,-16.6211727964448
60,936.386608,998.886608,-0.0186226628011111,-0.741468213476667,0.272585517926667,-1.47119036128778,0.583009773391111,0.670450767424444,-0.355401389521111,0,7.54735281792773,7.26916227999397
61,911.598933,974.098933,0,0,0,-1.5707963,0,-5.23598766666667e-05,-1.39626337777778,0,nan,nan
62,911.560328,974.060328,1.74532922222222e-05,0,0,-1.5707963,0,1.74532922222222e-05,-1.04719753333333,0,nan,nan
63,911.451534,973.951534,0,0,0,-1.5707963,0,0,-0.698131688888889,0,nan,nan
64,911.356777,973.856777,0,0,0,-1.5707963,0,1.74532922222222e-05,-0.349083297736667,0,nan,nan
65,911.304134,973.804134,0,0,0,-1.5707963,0,5.23598766666667e-05,-1.74532922222222e-05,0,nan,nan
66,911.293606,973.793606,0,0,0,-1.5707963,0,1.74532922222222e-05,0.349048391152222,0,nan,nan
67,911.290096,973.790096,0,0,0,-1.5707963,1.74532922222222e-05,0,0.698096782304444,0,nan,nan
68,911.293606,973.793606,0,0,0,-1.5707963,0,1.74532922222222e-05,1.04718008004111,0,nan,nan
69,911.367305,973.867305,0,0,0,-1.57081375329222,0,0,1.39622847119333,0.00160825987750258,nan,nan
70,770.207763,832.707763,-0.445687270186667,-0.117879535668889,-0.153274812295556,-1.08651980071,1.31824716154444,-0.771610049144444,-1.05899595887556,0,nan,nan
71,719.179476,781.679476,-0.515517892367778,-0.38248889905,0.214762760794444,-1.08650234741778,1.31826461483667,-0.582939960222222,-1.25412376592,0,nan,nan
72,826.152874,888.652874,-0.350462107822222,-0.107477373504444,0.189315860734444,-1.40413481257,1.53440618571667,-0.0903731471266667,-1.45303893737667,0,nan,nan
73,770.172668,832.672668,-0.445687270186667,-0.117844629084444,-0.15330971888,-1.08651980071,1.31824716154444,-0.771610049144444,-1.05899595887556,0,nan,nan
74,719.168948,781.668948,-0.515517892367778,-0.38248889905,0.21472785421,-1.08651980071,1.31826461483667,-0.582957413514445,-1.25410631262778,0,nan,nan
75,826.096722,888.596722,-0.35044465453,-0.107477373504444,0.189315860734444,-1.40411735927778,1.53438873242444,-0.0903731471266667,-1.45305639066889,0,nan,nan
76,770.141082,832.641082,-0.445687270186667,-0.117844629084444,-0.15330971888,-1.08651980071,1.31826461483667,-0.771592595852222,-1.05899595887556,0,nan,nan
77,719.158419,781.658419,-0.515517892367778,-0.38248889905,0.214762760794444,-1.08650234741778,1.31826461483667,-0.582992320098889,-1.25410631262778,0,nan,nan
78,826.061627,888.561627,-0.35044465453,-0.107477373504444,0.189298407442222,-1.40413481257,1.53438873242444,-0.0903731471266667,-1.45305639066889,0,nan,nan
79,939.990875,1002.490875,0,-0.523563860082222,0,-1.5707963,0,1.74532922222222e-05,0,0,150.412562471487,148.624259193942
80,899.28055,961.78055,1.74532922222222e-05,-0.349048391152222,0,-1.57081375329222,0,-1.74532922222222e-05,0,0,112.401847959468,110.807735073667
81,889.018741,951.518741,1.74532922222222e-05,-0.174498015637778,0,-1.57081375329222,0,-1.74532922222222e-05,0,0,80.6056300191607,79.268429931067
82,962.62371,1025.12371,0,0.174532922222222,0,-1.5707963,0,5.23598766666667e-05,0,0,49.5371953771758,48.7681410463031
83,1037.723731,1100.223731,1.74532922222222e-05,0.349083297736667,0,-1.57081375329222,1.74532922222222e-05,0,0,0,50.3799298162944,49.8675405904911
84,815.512038,878.012038,0,1.74532922222222e-05,-0.523581313374444,-1.5707963,1.74532922222222e-05,0,0,0,15.0479620759515,14.6710194862992
85,828.065558,890.565558,0,1.74532922222222e-05,-0.349048391152222,-1.5707963,1.74532922222222e-05,0,-1.74532922222222e-05,0,22.7448433389056,22.1447745310578
86,861.026883,923.526883,0,0,-0.17451546893,-1.5707963,0,1.74532922222222e-05,0,0,38.1674416710401,37.3373159001308
87,974.478838,1036.978838,1.74532922222222e-05,0,0.17451546893,-1.57081375329222,0,-1.74532922222222e-05,-1.74532922222222e-05,0,84.0657681049731,82.8137888995624
88,1047.104654,1109.604654,0,0,0.349083297736667,-1.57081375329222,0,0,0,0,110.750729722415,109.326015731407
89,1099.705201,1162.205201,0,0,0.481100000105556,-1.5707963,1.74532922222222e-05,0,0,0.00160825987750258,125.093516398533,123.558840749304
90,989.576753,1052.076753,0,0,0,-1.88495556,0,0,-1.74532922222222e-05,0,105.279635384077,103.629429616574
91,948.754124,1011.254124,0,0,0,-1.74531176893,0,0,-1.74532922222222e-05,0,82.6659827732247,81.3183272275148
92,889.861023,952.361023,0,0,0,-1.39626337777778,1.74532922222222e-05,1.74532922222222e-05,-1.74532922222222e-05,0,41.9947539322053,41.1283109789756
93,887.716712,950.216712,0,1.74532922222222e-05,0,-1.22171300226333,0,0,-1.74532922222222e-05,0,33.3105389011289,32.5043391192849
94,904.716782,967.216782,1.74532922222222e-05,0,0,-1.04719753333333,0,0,0,0,33.687492074891,32.815454948124
95,911.395381,973.895381,0,1.74532922222222e-05,0,-1.5707963,-0.785363243415556,-1.74532922222222e-05,0,0,42.3888127453859,41.3581707418876
96,911.195339,973.695339,0,0,0,-1.5707963,-0.523563860082222,0,0,0,55.5672414873148,54.4600105062057
97,910.90054,973.40054,0,0,0,-1.5707963,-0.261781930041111,0,-1.74532922222222e-05,0,61.1714159566127,60.0565698046963
98,910.468871,972.968871,1.74532922222222e-05,0,0,-1.5707963,0.261799383333333,1.74532922222222e-05,-1.74532922222222e-05,0,48.676542832269,47.7533655064899
99,910.374114,972.874114,0,0,0,-1.57077884670778,0.523598766666667,-1.74532922222222e-05,0,0,31.733411646879,30.9894130496826
100,910.370604,972.870604,1.74532922222222e-05,0,0,-1.5707963,0.78539815,0,0,0,9.43206012636788,8.89997782582752
